Workbook

Sheet Hoja2
J1: WhsCode | K1: PV_MATPR
A3: Suma de Valorizado | B3: BODEGAS | J3: Etiquetas de fila | K3: Suma de D/stock
A4: Etiquetas de fila | B4: CU_MATPR | C4: EN_MATPR | D4: EN_SATEL | E4: PV_MATPR | F4: Total general | J4: Aceite | K4: 98.549953
A5: Fruta Conserva | B5: 121250.03 | C5: 30824988 | D5: 93493779 | E5: 15050395 | F5: 1.3949041e+08 | J5: Azucar | K5: 28.943586
A6: Mermelada | B6: 2037334.6 | C6: 67453534 | E6: 41521208 | F6: 1.1101208e+08 | J6: Bolsas | K6: 77.922753
A7: Cremas | B7: 184178.76 | C7: 67556357 | E7: 34218073 | F7: 1.0195861e+08 | J7: Caja | K7: 54.115885
A8: Insumo | B8: 323485 | C8: 52910453 | E8: 10493869 | F8: 63727807 | J8: Carton | K8: 871.57637
A9: Chocolate | B9: 2694073.7 | C9: 47970554 | E9: 9987655.9 | F9: 60652283 | J9: Chocolate | K9: 146.70093
A10: Carton | B10: 3925587.8 | C10: 23618909 | E10: 31284974 | F10: 58829471 | J10: Colorante | K10: 33
A11: Cupula | B11: 1372637.3 | C11: 36116191 | E11: 11570966 | F11: 49059794 | J11: Cremas | K11: 284.90898
A12: Margarina | B12: 7238532 | C12: 1369873.4 | D12: 24304005 | E12: 6592639.8 | F12: 39505050 | J12: Cupula | K12: 128.651
A13: Etiquetas | B13: 3174405.6 | C13: 14533910 | E13: 19271260 | F13: 36979576 | J13: Desmoldante | K13: 23.458515
A14: Mix | B14: 9116387.5 | C14: 5055000 | E14: 20442320 | F14: 34613707 | J14: Empaque | K14: 75.728268
A15: Manjar | B15: 8301942.9 | C15: 20547315 | E15: 1539560 | F15: 30388818 | J15: Esencia | K15: 374.54463
A16: Remojo | C16: 9364534.1 | E16: 8801399.8 | F16: 18165934 | J16: Etiquetas | K16: 807.90132
A17: Bolsas | B17: 4034859.8 | C17: 1911595.9 | E17: 4586294 | F17: 10532750 | J17: Film | K17: 1440.6672
A18: Caja | B18: 223399.76 | C18: 7178359.2 | E18: 2135927 | F18: 9537686 | J18: Fruta Congelada | K18: 12.636547
A19: Film | B19: 276552.07 | C19: 2676646.4 | E19: 5570685.7 | F19: 8523884.2 | J19: Fruta Conserva | K19: 1096.4313
A20: Esencia | C20: 4289462.4 | E20: 2928734.3 | F20: 7218196.7 | J20: Galleta | K20: 37.133188
A21: Huevo | B21: 2958696 | E21: 4232000 | F21: 7190696 | J21: Gelatina | K21: 96.025467
B22: 1407750 | C22: 3820020 | E22: 1285710 | F22: 6513480 | J22: Huevo | K22: 6
A23: Desmoldante | E23: 6323700 | F23: 6323700 | J23: Insumo | K23: 70.130334
A24: Fruta Congelada | C24: 2936979 | E24: 2664049 | F24: 5601028 | J24: Jugo | K24: 58.041407
A25: Galleta | C25: 2377636.3 | E25: 1264756.3 | F25: 3642392.7 | J25: Manjar | K25: 14.013168
A26: Azucar | C26: 2483454.2 | E26: 1149914.1 | F26: 3633368.3 | J26: Margarina | K26: 26.783224
A27: Aceite | E27: 3584000 | F27: 3584000 | J27: Mermelada | K27: 311.3352
A28: Gelatina | C28: 2536301.2 | E28: 1044495.3 | F28: 3580796.5 | J28: Mix | K28: 78.039056
A29: Empaque | B29: 90674.803 | C29: 1269360 | E29: 1212600 | F29: 2572634.8 | J29: Propionato | K29: 29.376
A30: Yogurt | C30: 1544043 | E30: 530630 | F30: 2074673 | J30: Remojo | K30: 47.581137
A31: Jugo | C31: 1940530.1 | E31: 84865.039 | F31: 2025395.2 | J31: Yogurt | K31: 4.2584898
A32: Leche condensada | C32: 1341371.8 | F32: 1341371.8 | J32: Total general | K32: 6334.4539
A33: Colorante | E33: 557370 | F33: 557370
A34: Propionato | B34: 271288.06 | E34: 25819.99 | F34: 297108.05
A35: Licor | C35: 116382.87 | F35: 116382.87
A36: Harina | B36: 45450 | F36: 45450
A37: Colorantes | C37: 44489 | F37: 44489
A38: Total general | B38: 47798486 | C38: 4.1378825e+08 | D38: 1.1779778e+08 | E38: 2.4995587e+08 | F38: 8.2934039e+08

Sheet Hoja1
A1: Número de artículo | B1: Descripción del artículo | C1: Código de almacén | D1: Nombre de almacén | E1: En stock | F1: Precio promedio | G1: Valorizado | H1: Fecha | I1: Consumo | J1: familia | K1: D/stock | L1: MINIMO
A2: 405482 | B2: ALMENDRAS FILETEADAS EGC | C2: EN_MATPR | D2: E1-BMP Enea | E2: 146 | F2: 11250.01 | G2: 1642501.5 | H2: =TODAY() -> 46207 | I2: =IFERROR(VLOOKUP(A2,'[1]Consumo SEMANA ENEA'!$F:$EM,138,0),0) -> 0 | J2: =IFERROR(VLOOKUP(A2,Hoja4!A:C,3,0),"") -> Esencia | K2: =IFERROR(+E2/I2,0) -> 0 | L2: =IFERROR(VLOOKUP(A2,'[1]Consumo SEMANA ENEA'!$F:$ES,144,0),0) -> 0
A3: 405682 | B3: ALMENDRAS FILETEADAS TOSTADAS ALTO LA CRUZ | C3: EN_MATPR | D3: E1-BMP Enea | E3: 40 | F3: 10690 | G3: 427600 | H3: =TODAY() -> 46207 | I3: =IFERROR(VLOOKUP(A3,'[1]Consumo SEMANA ENEA'!$F:$EM,138,0),0) -> 10 | J3: =IFERROR(VLOOKUP(A3,Hoja4!A:C,3,0),"") -> Esencia | K3: =IFERROR(+E3/I3,0) -> 4 | L3: =IFERROR(VLOOKUP(A3,'[1]Consumo SEMANA ENEA'!$F:$ES,144,0),0) -> 3.3333333
A4: 405418 | B4: AZUCAR FLOR 5KG MEL ALIMENTOS | C4: EN_MATPR | D4: E1-BMP Enea | E4: 185 | F4: 1371.65 | G4: 253755.25 | H4: =TODAY() -> 46207 | I4: =IFERROR(VLOOKUP(A4,'[1]Consumo SEMANA ENEA'!$F:$EM,138,0),0) -> 65 | J4: =IFERROR(VLOOKUP(A4,Hoja4!A:C,3,0),"") -> Azucar | K4: =IFERROR(+E4/I4,0) -> 2.8461538 | L4: =IFERROR(VLOOKUP(A4,'[1]Consumo SEMANA ENEA'!$F:$ES,144,0),0) -> 21.666667
A5: 104006 | B5: AZUCAR GRANULADA EGC | C5: EN_MATPR | D5: E1-BMP Enea | E5: 2066 | F5: 900 | G5: 1859400 | H5: =TODAY() -> 46207 | I5: =IFERROR(VLOOKUP(A5,'[1]Consumo SEMANA ENEA'!$F:$EM,138,0),0) -> 1247.7368 | J5: =IFERROR(VLOOKUP(A5,Hoja4!A:C,3,0),"") -> Azucar | K5: =IFERROR(+E5/I5,0) -> 1.6557979 | L5: =IFERROR(VLOOKUP(A5,'[1]Consumo SEMANA ENEA'!$F:$ES,144,0),0) -> 623.8684
A6: 404316 | B6: BASE DE TARTALETA SOFT BLANCA PAVESI | C6: EN_MATPR | D6: E1-BMP Enea | E6: 273 | F6: 1646 | G6: 449358 | H6: =TODAY() -> 46207 | I6: =IFERROR(VLOOKUP(A6,'[1]Consumo SEMANA ENEA'!$F:$EM,138,0),0) -> 365.04 | J6: =IFERROR(VLOOKUP(A6,Hoja4!A:C,3,0),"") -> Insumo | K6: =IFERROR(+E6/I6,0) -> 0.74786325 | L6: =IFERROR(VLOOKUP(A6,'[1]Consumo SEMANA ENEA'!$F:$ES,144,0),0) -> 182.52
A7: 405445 | B7: BASE TORTA 15PP ALTA COEXPAN | C7: EN_MATPR | D7: E1-BMP Enea | E7: 96200 | F7: 93.6 | G7: 9004320 | H7: =TODAY() -> 46207 | I7: =IFERROR(VLOOKUP(A7,'[1]Consumo SEMANA ENEA'!$F:$EM,138,0),0) -> 58368.84 | J7: =IFERROR(VLOOKUP(A7,Hoja4!A:C,3,0),"") -> Cupula | K7: =IFERROR(+E7/I7,0) -> 1.6481397 | L7: =IFERROR(VLOOKUP(A7,'[1]Consumo SEMANA ENEA'!$F:$ES,144,0),0) -> 19456.28
A8: 107302 | B8: BELCOLADE AMARGO 55% PURATOS | C8: EN_MATPR | D8: E1-BMP Enea | E8: 245 | F8: 12960 | G8: 3175200 | H8: =TODAY() -> 46207 | I8: =IFERROR(VLOOKUP(A8,'[1]Consumo SEMANA ENEA'!$F:$EM,138,0),0) -> 107.5 | J8: =IFERROR(VLOOKUP(A8,Hoja4!A:C,3,0),"") -> Chocolate | K8: =IFERROR(+E8/I8,0) -> 2.2790698 | L8: =IFERROR(VLOOKUP(A8,'[1]Consumo SEMANA ENEA'!$F:$ES,144,0),0) -> 53.75
A9: 405645 | B9: BIZCOCHO # 20 BLANCO C/AMAPOLAS PAVESI | C9: EN_MATPR | D9: E1-BMP Enea | E9: 44 | F9: 2450 | G9: 107800 | H9: =TODAY() -> 46207 | I9: =IFERROR(VLOOKUP(A9,'[1]Consumo SEMANA ENEA'!$F:$EM,138,0),0) -> 112.375 | J9: =IFERROR(VLOOKUP(A9,Hoja4!A:C,3,0),"") -> Insumo | K9: =IFERROR(+E9/I9,0) -> 0.39154616 | L9: =IFERROR(VLOOKUP(A9,'[1]Consumo SEMANA ENEA'!$F:$ES,144,0),0) -> 56.1875
A10: 400216 | B10: BIZCOCHO CARROT CAKE PAVESI | C10: EN_MATPR | D10: E1-BMP Enea | E10: 45 | F10: 4322 | G10: 194490 | H10: =TODAY() -> 46207 | I10: =IFERROR(VLOOKUP(A10,'[1]Consumo SEMANA ENEA'!$F:$EM,138,0),0) -> 86.363636 | J10: =IFERROR(VLOOKUP(A10,Hoja4!A:C,3,0),"") -> Insumo | K10: =IFERROR(+E10/I10,0) -> 0.52105263 | L10: =IFERROR(VLOOKUP(A10,'[1]Consumo SEMANA ENEA'!$F:$ES,144,0),0) -> 43.181818
A11: 405786 | B11: BLISTER 243BBTA DEANDES | C11: EN_MATPR | D11: E1-BMP Enea | E11: 6000 | F11: 107 | G11: 642000 | H11: =TODAY() -> 46207 | I11: =IFERROR(VLOOKUP(A11,'[1]Consumo SEMANA ENEA'!$F:$EM,138,0),0) -> 0 | J11: =IFERROR(VLOOKUP(A11,Hoja4!A:C,3,0),"") -> Cupula | K11: =IFERROR(+E11/I11,0) -> 0 | L11: =IFERROR(VLOOKUP(A11,'[1]Consumo SEMANA ENEA'!$F:$ES,144,0),0) -> 0
A12: 403338 | B12: BLISTER 7189 1 PASTEL DEANDES | C12: EN_MATPR | D12: E1-BMP Enea | E12: 13800 | F12: 49.44 | G12: 682272 | H12: =TODAY() -> 46207 | I12: =IFERROR(VLOOKUP(A12,'[1]Consumo SEMANA ENEA'!$F:$EM,138,0),0) -> 3488.04 | J12: =IFERROR(VLOOKUP(A12,Hoja4!A:C,3,0),"") -> Cupula | K12: =IFERROR(+E12/I12,0) -> 3.9563766 | L12: =IFERROR(VLOOKUP(A12,'[1]Consumo SEMANA ENEA'!$F:$ES,144,0),0) -> 1162.68
A13: 400205 | B13: BOLSA PEBD 40x42 CM x35 MICRAS | C13: EN_MATPR | D13: E1-BMP Enea | E13: 2000 | F13: 39.29 | G13: 78580 | H13: =TODAY() -> 46207 | I13: =IFERROR(VLOOKUP(A13,'[1]Consumo SEMANA ENEA'!$F:$EM,138,0),0) -> 2571.4286 | J13: =IFERROR(VLOOKUP(A13,Hoja4!A:C,3,0),"") -> Bolsas | K13: =IFERROR(+E13/I13,0) -> 0.77777778 | L13: =IFERROR(VLOOKUP(A13,'[1]Consumo SEMANA ENEA'!$F:$ES,144,0),0) -> 2571.4286
... A28: 107312 | B28: CEREZAS AL JUGO CAMPOS | C28: EN_MATPR | D28: E1-BMP Enea | E28: 469.9 | F28: 5980 | G28: 2810002 | H28: =TODAY() -> 46207 | I28: =IFERROR(VLOOKUP(A28,'[1]Consumo SEMANA ENEA'!$F:$EM,138,0),0) -> 193.16316 | J28: =IFERROR(VLOOKUP(A28,Hoja4!A:C,3,0),"") -> Fruta Conserva | K28: =IFERROR(+E28/I28,0) -> 2.4326585 | L28: =IFERROR(VLOOKUP(A28,'[1]Consumo SEMANA ENEA'!$F:$ES,144,0),0) -> 96.581579
A29: 403336 | B29: CEREZAS AL JUGO DESCAROZADAS TRES ERRES | C29: EN_MATPR | D29: E1-BMP Enea | E29: 57.9 | F29: 5056.18 | G29: 292752.82 | H29: =TODAY() -> 46207 | I29: =IFERROR(VLOOKUP(A29,'[1]Consumo SEMANA ENEA'!$F:$EM,138,0),0) -> 104.14 | J29: Chocolate | K29: =IFERROR(+E29/I29,0) -> 0.55598233 | L29: =IFERROR(VLOOKUP(A29,'[1]Consumo SEMANA ENEA'!$F:$ES,144,0),0) -> 34.713333
A30: 405748 | B30: CHOCOLATE BLANCO SICAO MEL | C30: EN_MATPR | D30: E1-BMP Enea | E30: 170 | F30: 12238 | G30: 2080460 | H30: =TODAY() -> 46207 | I30: =IFERROR(VLOOKUP(A30,'[1]Consumo SEMANA ENEA'!$F:$EM,138,0),0) -> 0 | J30: =IFERROR(VLOOKUP(A30,Hoja4!A:C,3,0),"") | K30: =IFERROR(+E30/I30,0) -> 0 | L30: =IFERROR(VLOOKUP(A30,'[1]Consumo SEMANA ENEA'!$F:$ES,144,0),0) -> 0
A31: 405373 | B31: CINTA BICOLOR BNEGRO #500 | C31: EN_MATPR | D31: E1-BMP Enea | E31: 307.5 | F31: 14167.83 | G31: 4356607.7 | H31: =TODAY() -> 46207 | I31: =IFERROR(VLOOKUP(A31,'[1]Consumo SEMANA ENEA'!$F:$EM,138,0),0) -> 56.24 | J31: =IFERROR(VLOOKUP(A31,Hoja4!A:C,3,0),"") -> Chocolate | K31: =IFERROR(+E31/I31,0) -> 5.4676387 | L31: =IFERROR(VLOOKUP(A31,'[1]Consumo SEMANA ENEA'!$F:$ES,144,0),0) -> 37.493333
A32: 402255 | B32: CINTA DE EMBALAJE 72x100 SOLUTION | C32: EN_MATPR | D32: E1-BMP Enea | E32: 824 | F32: 1290 | G32: 1062960 | H32: =TODAY() -> 46207 | I32: =IFERROR(VLOOKUP(A32,'[1]Consumo SEMANA ENEA'!$F:$EM,138,0),0) -> 271 | J32: =IFERROR(VLOOKUP(A32,Hoja4!A:C,3,0),"") -> Empaque | K32: =IFERROR(+E32/I32,0) -> 3.0405904 | L32: =IFERROR(VLOOKUP(A32,'[1]Consumo SEMANA ENEA'!$F:$ES,144,0),0) -> 135.5
A33: 404309 | B33: CINTA NEGRA GC ZUKKER | C33: EN_MATPR | D33: E1-BMP Enea | E33: 352 | F33: 8885 | G33: 3127520 | H33: =TODAY() -> 46207 | I33: =IFERROR(VLOOKUP(A33,'[1]Consumo SEMANA ENEA'!$F:$EM,138,0),0) -> 218.66667 | J33: =IFERROR(VLOOKUP(A33,Hoja4!A:C,3,0),"") -> Chocolate | K33: =IFERROR(+E33/I33,0) -> 1.6097561 | L33: =IFERROR(VLOOKUP(A33,'[1]Consumo SEMANA ENEA'!$F:$ES,144,0),0) -> 145.77778
A34: 107197 | B34: COBERTURA CHOCOLATE BLANCO | C34: EN_MATPR | D34: E1-BMP Enea | E34: 420 | F34: 5296.65 | G34: 2224593 | H34: =TODAY() -> 46207 | I34: =IFERROR(VLOOKUP(A34,'[1]Consumo SEMANA ENEA'!$F:$EM,138,0),0) -> 56.727273 | J34: =IFERROR(VLOOKUP(A34,Hoja4!A:C,3,0),"") -> Chocolate | K34: =IFERROR(+E34/I34,0) -> 7.4038462 | L34: =IFERROR(VLOOKUP(A34,'[1]Consumo SEMANA ENEA'!$F:$ES,144,0),0) -> 28.363636
A35: 107249 | B35: COBERTURA CHOCOLATES MONEDAS PURATOS | C35: EN_MATPR | D35: E1-BMP Enea | E35: 303 | F35: 3750 | G35: 1136250 | H35: =TODAY() -> 46207 | I35: =IFERROR(VLOOKUP(A35,'[1]Consumo SEMANA ENEA'!$F:$EM,138,0),0) -> 67.769231 | J35: =IFERROR(VLOOKUP(A35,Hoja4!A:C,3,0),"") -> Chocolate | K35: =IFERROR(+E35/I35,0) -> 4.4710556 | L35: =IFERROR(VLOOKUP(A35,'[1]Consumo SEMANA ENEA'!$F:$ES,144,0),0) -> 33.884615
A36: 107134 | B36: COCO RALLADO ALTO LA CRUZ | C36: EN_MATPR | D36: E1-BMP Enea | E36: 240 | F36: 3599.96 | G36: 863990.4 | H36: =TODAY() -> 46207 | I36: =IFERROR(VLOOKUP(A36,'[1]Consumo SEMANA ENEA'!$F:$EM,138,0),0) -> 111.67833 | J36: =IFERROR(VLOOKUP(A36,Hoja4!A:C,3,0),"") -> Esencia | K36: =IFERROR(+E36/I36,0) -> 2.1490292 | L36: =IFERROR(VLOOKUP(A36,'[1]Consumo SEMANA ENEA'!$F:$ES,144,0),0) -> 37.226111
A37: 405747 | B37: COCTEL DE FRUTA CAMPOS | C37: EN_MATPR | D37: E1-BMP Enea | E37: 343.8 | F37: 3703 | G37: 1273091.4 | H37: =TODAY() -> 46207 | I37: =IFERROR(VLOOKUP(A37,'[1]Consumo SEMANA ENEA'!$F:$EM,138,0),0) -> 174.26667 | J37: =IFERROR(VLOOKUP(A37,Hoja4!A:C,3,0),"") -> Fruta conserva | K37: =IFERROR(+E37/I37,0) -> 1.9728386 | L37: =IFERROR(VLOOKUP(A37,'[1]Consumo SEMANA ENEA'!$F:$ES,144,0),0) -> 58.088889
A38: 403355 | B38: COGÑAC TRES PALOS DE 1LT | C38: EN_MATPR | D38: E1-BMP Enea | E38: 56.9 | F38: 1975.94 | G38: 112430.99 | H38: =TODAY() -> 46207 | I38: =IFERROR(VLOOKUP(A38,'[1]Consumo SEMANA ENEA'!$F:$EM,138,0),0) -> 0 | J38: =IFERROR(VLOOKUP(A38,Hoja4!A:C,3,0),"") -> Licor | K38: =IFERROR(+E38/I38,0) -> 0 | L38: =IFERROR(VLOOKUP(A38,'[1]Consumo SEMANA ENEA'!$F:$ES,144,0),0) -> 0
A39: 107320 | B39: COLDFIL PIE DE LIMÓN | C39: EN_MATPR | D39: E1-BMP Enea | E39: 418.5 | F39: 3122 | G39: 1306557 | H39: =TODAY() -> 46207 | I39: =IFERROR(VLOOKUP(A39,'[1]Consumo SEMANA ENEA'!$F:$EM,138,0),0) -> 205.65 | J39: =IFERROR(VLOOKUP(A39,Hoja4!A:C,3,0),"") -> Mermelada | K39: =IFERROR(+E39/I39,0) -> 2.0350109 | L39: =IFERROR(VLOOKUP(A39,'[1]Consumo SEMANA ENEA'!$F:$ES,144,0),0) -> 102.825
A40: 405427 | B40: COLORANTE ARTIFICIAL AMARILLO DUAS RODAS | C40: EN_MATPR | D40: E1-BMP Enea | E40: 5 | F40: 8897.8 | G40: 44489 | H40: =TODAY() -> 46207 | I40: =IFERROR(VLOOKUP(A40,'[1]Consumo SEMANA ENEA'!$F:$EM,138,0),0) -> 0 | J40: =IFERROR(VLOOKUP(A40,Hoja4!A:C,3,0),"") -> Colorantes | K40: =IFERROR(+E40/I40,0) -> 0 | L40: =IFERROR(VLOOKUP(A40,'[1]Consumo SEMANA ENEA'!$F:$ES,144,0),0) -> 0
A41: 107323 | B41: COMBO 88 ALTA 12 PP LISA MOLDES PAC | C41: EN_MATPR | D41: E1-BMP Enea | E41: 4140 | F41: 231.4 | G41: 957996 | H41: =TODAY() -> 46207 | I41: =IFERROR(VLOOKUP(A41,'[1]Consumo SEMANA ENEA'!$F:$EM,138,0),0) -> 792.08333 | J41: =IFERROR(VLOOKUP(A41,Hoja4!A:C,3,0),"") -> Cupula | K41: =IFERROR(+E41/I41,0) -> 5.2267228 | L41: =IFERROR(VLOOKUP(A41,'[1]Consumo SEMANA ENEA'!$F:$ES,144,0),0) -> 264.02778
... A132: 405376 | B132: ETIQUETA CIRCULAR 9cm TORTA SACHER | C132: EN_MATPR | D132: E1-BMP Enea | E132: 10000 | F132: 22.7 | G132: 227000 | H132: =TODAY() -> 46207 | I132: =IFERROR(VLOOKUP(A132,'[1]Consumo SEMANA ENEA'!$F:$EM,138,0),0) -> 4583.3333 | J132: =IFERROR(VLOOKUP(A132,Hoja4!A:C,3,0),"") -> Etiquetas | K132: =IFERROR(+E132/I132,0) -> 2.1818182 | L132: =IFERROR(VLOOKUP(A132,'[1]Consumo SEMANA ENEA'!$F:$ES,144,0),0) -> 4583.3333
A133: 393425 | B133: ETIQUETA CIRCULAR 9cm TORTA SELVA NEGRA VEGANA | C133: EN_MATPR | D133: E1-BMP Enea | E133: 2000 | F133: 22.27 | G133: 44540 | H133: =TODAY() -> 46207 | I133: =IFERROR(VLOOKUP(A133,'[1]Consumo SEMANA ENEA'!$F:$EM,138,0),0) -> 1272.7273 | J133: Etiquetas | K133: =IFERROR(+E133/I133,0) -> 1.5714286 | L133: =IFERROR(VLOOKUP(A133,'[1]Consumo SEMANA ENEA'!$F:$ES,144,0),0) -> 1272.7273
A134: 405614 | B134: ETIQUETA CIRCULAR 9cm TORTA TENTACIÓN DE CHOCOLATE JUMBO | C134: EN_MATPR | D134: E1-BMP Enea | E134: 2000 | F134: 22.7 | G134: 45400 | H134: =TODAY() -> 46207 | I134: =IFERROR(VLOOKUP(A134,'[1]Consumo SEMANA ENEA'!$F:$EM,138,0),0) -> 1777.7778 | J134: Etiquetas | K134: =IFERROR(+E134/I134,0) -> 1.125 | L134: =IFERROR(VLOOKUP(A134,'[1]Consumo SEMANA ENEA'!$F:$ES,144,0),0) -> 1777.7778
A135: 107266 | B135: ETIQUETA CIRCULAR OPCIÓN VEGANA CRISME | C135: EN_MATPR | D135: E1-BMP Enea | E135: 6000 | F135: 13.65 | G135: 81900 | H135: =TODAY() -> 46207 | I135: =IFERROR(VLOOKUP(A135,'[1]Consumo SEMANA ENEA'!$F:$EM,138,0),0) -> 3000 | J135: Etiquetas | K135: =IFERROR(+E135/I135,0) -> 2 | L135: =IFERROR(VLOOKUP(A135,'[1]Consumo SEMANA ENEA'!$F:$ES,144,0),0) -> 3000
A136: 405111 | B136: ETIQUETA CIRCULAR TORTA AMOR | C136: EN_MATPR | D136: E1-BMP Enea | E136: 5000 | F136: 17.17 | G136: 85850 | H136: =TODAY() -> 46207 | I136: =IFERROR(VLOOKUP(A136,'[1]Consumo SEMANA ENEA'!$F:$EM,138,0),0) -> 3571.4286 | J136: =IFERROR(VLOOKUP(A136,Hoja4!A:C,3,0),"") -> Etiquetas | K136: =IFERROR(+E136/I136,0) -> 1.4 | L136: =IFERROR(VLOOKUP(A136,'[1]Consumo SEMANA ENEA'!$F:$ES,144,0),0) -> 3571.4286
A137: 405809 | B137: ETIQUETA IMPRESA 150X35 TRES COLORES + U.V OPP POSTRE SABOR CHOCOLATE Y FRUTOS DEL BOSQUE | C137: EN_MATPR | D137: E1-BMP Enea | E137: 4000 | F137: 17.16 | G137: 68640 | H137: =TODAY() -> 46207 | I137: =IFERROR(VLOOKUP(A137,'[1]Consumo SEMANA ENEA'!$F:$EM,138,0),0) -> 0 | J137: =IFERROR(VLOOKUP(A137,Hoja4!A:C,3,0),"") | K137: =IFERROR(+E137/I137,0) -> 0 | L137: =IFERROR(VLOOKUP(A137,'[1]Consumo SEMANA ENEA'!$F:$ES,144,0),0) -> 0
A138: 405810 | B138: ETIQUETA IMPRESA 150X35 TRES COLORES + U.V OPP POSTRE SABOR LÚCUMA MANJAR | C138: EN_MATPR | D138: E1-BMP Enea | E138: 6000 | F138: 17.16 | G138: 102960 | H138: =TODAY() -> 46207 | I138: =IFERROR(VLOOKUP(A138,'[1]Consumo SEMANA ENEA'!$F:$EM,138,0),0) -> 0 | J138: =IFERROR(VLOOKUP(A138,Hoja4!A:C,3,0),"") | K138: =IFERROR(+E138/I138,0) -> 0 | L138: =IFERROR(VLOOKUP(A138,'[1]Consumo SEMANA ENEA'!$F:$ES,144,0),0) -> 0
A139: 405808 | B139: ETIQUETA IMPRESA 150X35 TRES COLORES + U.V OPP POSTRE SABOR TRES LECHES CON FRAMBUESA | C139: EN_MATPR | D139: E1-BMP Enea | E139: 6000 | F139: 17.16 | G139: 102960 | H139: =TODAY() -> 46207 | I139: =IFERROR(VLOOKUP(A139,'[1]Consumo SEMANA ENEA'!$F:$EM,138,0),0) -> 0 | J139: =IFERROR(VLOOKUP(A139,Hoja4!A:C,3,0),"") | K139: =IFERROR(+E139/I139,0) -> 0 | L139: =IFERROR(VLOOKUP(A139,'[1]Consumo SEMANA ENEA'!$F:$ES,144,0),0) -> 0
A140: 405310 | B140: ETIQUETA OPP TRANSPARENTE 22X32 CRISME | C140: EN_MATPR | D140: E1-BMP Enea | E140: 100000 | F140: 8 | G140: 800000 | H140: =TODAY() -> 46207 | I140: =IFERROR(VLOOKUP(A140,'[1]Consumo SEMANA ENEA'!$F:$EM,138,0),0) -> 2428.5714 | J140: =IFERROR(VLOOKUP(A140,Hoja4!A:C,3,0),"") -> Etiquetas | K140: =IFERROR(+E140/I140,0) -> 41.176471 | L140: =IFERROR(VLOOKUP(A140,'[1]Consumo SEMANA ENEA'!$F:$ES,144,0),0) -> 2428.5714
A141: 405108 | B141: ETIQUETA TORTA MOCACCINO | C141: EN_MATPR | D141: E1-BMP Enea | E141: 7000 | F141: 22.7 | G141: 158900 | H141: =TODAY() -> 46207 | I141: =IFERROR(VLOOKUP(A141,'[1]Consumo SEMANA ENEA'!$F:$EM,138,0),0) -> 4000 | J141: =IFERROR(VLOOKUP(A141,Hoja4!A:C,3,0),"") -> Etiquetas | K141: =IFERROR(+E141/I141,0) -> 1.75 | L141: =IFERROR(VLOOKUP(A141,'[1]Consumo SEMANA ENEA'!$F:$ES,144,0),0) -> 4000
A142: 405644 | B142: ETIQUETA TORTA MERENGUE COOKIES | C142: EN_MATPR | D142: E1-BMP Enea | E142: 4000 | F142: 22.7 | G142: 90800 | H142: =TODAY() -> 46207 | I142: =IFERROR(VLOOKUP(A142,'[1]Consumo SEMANA ENEA'!$F:$EM,138,0),0) -> 1285.7143 | J142: =IFERROR(VLOOKUP(A142,Hoja4!A:C,3,0),"") -> Etiquetas | K142: =IFERROR(+E142/I142,0) -> 3.1111111 | L142: =IFERROR(VLOOKUP(A142,'[1]Consumo SEMANA ENEA'!$F:$ES,144,0),0) -> 1285.7143
A143: 405089 | B143: ETIQUETA TORTA MERENGUE FRAMBUESA CONGELADA | C143: EN_MATPR | D143: E1-BMP Enea | E143: 9000 | F143: 22.7 | G143: 204300 | H143: =TODAY() -> 46207 | I143: =IFERROR(VLOOKUP(A143,'[1]Consumo SEMANA ENEA'!$F:$EM,138,0),0) -> 1750 | J143: =IFERROR(VLOOKUP(A143,Hoja4!A:C,3,0),"") -> Etiquetas | K143: =IFERROR(+E143/I143,0) -> 5.1428571 | L143: =IFERROR(VLOOKUP(A143,'[1]Consumo SEMANA ENEA'!$F:$ES,144,0),0) -> 1750
A144: 405643 | B144: ETIQUETA TORTA MERENGUE LEMON PIE | C144: EN_MATPR | D144: E1-BMP Enea | E144: 4000 | F144: 22.7 | G144: 90800 | H144: =TODAY() -> 46207 | I144: =IFERROR(VLOOKUP(A144,'[1]Consumo SEMANA ENEA'!$F:$EM,138,0),0) -> 1250 | J144: =IFERROR(VLOOKUP(A144,Hoja4!A:C,3,0),"") -> Etiquetas | K144: =IFERROR(+E144/I144,0) -> 3.2 | L144: =IFERROR(VLOOKUP(A144,'[1]Consumo SEMANA ENEA'!$F:$ES,144,0),0) -> 1250
A145: 405090 | B145: ETIQUETA TORTA MERENGUE LUCUMA CONGELADA | C145: EN_MATPR | D145: E1-BMP Enea | E145: 12000 | F145: 22.7 | G145: 272400 | H145: =TODAY() -> 46207 | I145: =IFERROR(VLOOKUP(A145,'[1]Consumo SEMANA ENEA'!$F:$EM,138,0),0) -> 1750 | J145: =IFERROR(VLOOKUP(A145,Hoja4!A:C,3,0),"") -> Etiquetas | K145: =IFERROR(+E145/I145,0) -> 6.8571429 | L145: =IFERROR(VLOOKUP(A145,'[1]Consumo SEMANA ENEA'!$F:$ES,144,0),0) -> 1750
A146: 405120 | B146: ETIQUETAS CIRCULAR 9cm TORTA SELVA NEGRA JUMBO | C146: EN_MATPR | D146: E1-BMP Enea | E146: 10000 | F146: 22.7 | G146: 227000 | H146: =TODAY() -> 46207 | I146: =IFERROR(VLOOKUP(A146,'[1]Consumo SEMANA ENEA'!$F:$EM,138,0),0) -> 3809.5238 | J146: =IFERROR(VLOOKUP(A146,Hoja4!A:C,3,0),"") -> Etiquetas | K146: =IFERROR(+E146/I146,0) -> 2.625 | L146: =IFERROR(VLOOKUP(A146,'[1]Consumo SEMANA ENEA'!$F:$ES,144,0),0) -> 3809.5238
A147: 405036 | B147: ETIQUETAS CIRCULAR 9cm IMPR. PANQUEQUE NARANJA | C147: EN_MATPR | D147: E1-BMP Enea | E147: 12000 | F147: 22.7 | G147: 272400 | H147: =TODAY() -> 46207 | I147: =IFERROR(VLOOKUP(A147,'[1]Consumo SEMANA ENEA'!$F:$EM,138,0),0) -> 4166.6667 | J147: =IFERROR(VLOOKUP(A147,Hoja4!A:C,3,0),"") -> Etiquetas | K147: =IFERROR(+E147/I147,0) -> 2.88 | L147: =IFERROR(VLOOKUP(A147,'[1]Consumo SEMANA ENEA'!$F:$ES,144,0),0) -> 4166.6667
... A172: 300004 | B172: GRANA BLANCA | C172: EN_MATPR | D172: E1-BMP Enea | E172: 110 | F172: 1.03 | G172: 113.3 | H172: =TODAY() -> 46207 | I172: =IFERROR(VLOOKUP(A172,'[1]Consumo SEMANA ENEA'!$F:$EM,138,0),0) -> 225.323 | J172: =IFERROR(VLOOKUP(A172,Hoja4!A:C,3,0),"") -> Insumo | K172: =IFERROR(+E172/I172,0) -> 0.48818807 | L172: =IFERROR(VLOOKUP(A172,'[1]Consumo SEMANA ENEA'!$F:$ES,144,0),0) -> 75.107667
A173: 300003 | B173: GRANA CHOCOLATE | C173: EN_MATPR | D173: E1-BMP Enea | E173: 208.55 | F173: 1.03 | G173: 214.8065 | H173: =TODAY() -> 46207 | I173: =IFERROR(VLOOKUP(A173,'[1]Consumo SEMANA ENEA'!$F:$EM,138,0),0) -> 199.962 | J173: Carton | K173: =IFERROR(+E173/I173,0) -> 1.0429482 | L173: =IFERROR(VLOOKUP(A173,'[1]Consumo SEMANA ENEA'!$F:$ES,144,0),0) -> 66.654
A174: 107170 | B174: GRANILLO CHOCOLATE MANAR | C174: EN_MATPR | D174: E1-BMP Enea | E174: 350 | F174: 2662 | G174: 931700 | H174: =TODAY() -> 46207 | I174: =IFERROR(VLOOKUP(A174,'[1]Consumo SEMANA ENEA'!$F:$EM,138,0),0) -> 166.625 | J174: =IFERROR(VLOOKUP(A174,Hoja4!A:C,3,0),"") -> Chocolate | K174: =IFERROR(+E174/I174,0) -> 2.1005251 | L174: =IFERROR(VLOOKUP(A174,'[1]Consumo SEMANA ENEA'!$F:$ES,144,0),0) -> 111.08333
A175: 107330 | B175: HARINA NUEZ TRES ERRE | C175: EN_MATPR | D175: E1-BMP Enea | E175: 120 | F175: 2000 | G175: 240000 | H175: =TODAY() -> 46207 | I175: =IFERROR(VLOOKUP(A175,'[1]Consumo SEMANA ENEA'!$F:$EM,138,0),0) -> 28 | J175: =IFERROR(VLOOKUP(A175,Hoja4!A:C,3,0),"") -> Mix | K175: =IFERROR(+E175/I175,0) -> 4.2857143 | L175: =IFERROR(VLOOKUP(A175,'[1]Consumo SEMANA ENEA'!$F:$ES,144,0),0) -> 14
A176: 403368 | B176: HOJA SENCILLA PROSERVAR | C176: EN_MATPR | D176: E1-BMP Enea | E176: 1540 | F176: 165 | G176: 254100 | H176: =TODAY() -> 46207 | I176: =IFERROR(VLOOKUP(A176,'[1]Consumo SEMANA ENEA'!$F:$EM,138,0),0) -> 1899 | J176: =IFERROR(VLOOKUP(A176,Hoja4!A:C,3,0),"") -> Carton | K176: =IFERROR(+E176/I176,0) -> 0.81095313 | L176: =IFERROR(VLOOKUP(A176,'[1]Consumo SEMANA ENEA'!$F:$ES,144,0),0) -> 4747.5
A177: 403373 | B177: HOJA SEPARADORA PLANCHAS PROSERVAR | C177: EN_MATPR | D177: E1-BMP Enea | E177: 22000 | F177: 205 | G177: 4510000 | H177: =TODAY() -> 46207 | I177: =IFERROR(VLOOKUP(A177,'[1]Consumo SEMANA ENEA'!$F:$EM,138,0),0) -> 4000 | J177: =IFERROR(VLOOKUP(A177,Hoja4!A:C,3,0),"") -> Carton | K177: =IFERROR(+E177/I177,0) -> 5.5 | L177: =IFERROR(VLOOKUP(A177,'[1]Consumo SEMANA ENEA'!$F:$ES,144,0),0) -> 10000
A178: 405804 | B178: HOJA SEPARADORA SIMPLE POSTRES | C178: EN_MATPR | D178: E1-BMP Enea | E178: 5000 | F178: 293 | G178: 1465000 | H178: =TODAY() -> 46207 | I178: =IFERROR(VLOOKUP(A178,'[1]Consumo SEMANA ENEA'!$F:$EM,138,0),0) -> 0 | J178: =IFERROR(VLOOKUP(A178,Hoja4!A:C,3,0),"") | K178: =IFERROR(+E178/I178,0) -> 0 | L178: =IFERROR(VLOOKUP(A178,'[1]Consumo SEMANA ENEA'!$F:$ES,144,0),0) -> 0
A179: 393322 | B179: HOJA SEPARADORA TARTALETA DIAMETRO 255 MMS. | C179: EN_MATPR | D179: E1-BMP Enea | E179: 13000 | F179: 150.81 | G179: 1960530 | H179: =TODAY() -> 46207 | I179: =IFERROR(VLOOKUP(A179,'[1]Consumo SEMANA ENEA'!$F:$EM,138,0),0) -> 3000 | J179: =IFERROR(VLOOKUP(A179,Hoja4!A:C,3,0),"") -> Carton | K179: =IFERROR(+E179/I179,0) -> 4.3333333 | L179: =IFERROR(VLOOKUP(A179,'[1]Consumo SEMANA ENEA'!$F:$ES,144,0),0) -> 7500
A180: 405789 | B180: HOJA SEPARADORA TORTA DIAMETRO 230 MMS FULL CARTON | C180: EN_MATPR | D180: E1-BMP Enea | E180: 1284 | F180: 145 | G180: 186180 | H180: =TODAY() -> 46207 | I180: =IFERROR(VLOOKUP(A180,'[1]Consumo SEMANA ENEA'!$F:$EM,138,0),0) -> 4472 | J180: =IFERROR(VLOOKUP(A180,Hoja4!A:C,3,0),"") -> Carton | K180: =IFERROR(+E180/I180,0) -> 0.28711986 | L180: =IFERROR(VLOOKUP(A180,'[1]Consumo SEMANA ENEA'!$F:$ES,144,0),0) -> 11180
A181: 393320 | B181: HOJA SEPARADORA TORTA DIAMETRO 230 MMS. | C181: EN_MATPR | D181: E1-BMP Enea | E181: 13716 | F181: 151 | G181: 2071116 | H181: =TODAY() -> 46207 | I181: =IFERROR(VLOOKUP(A181,'[1]Consumo SEMANA ENEA'!$F:$EM,138,0),0) -> 15235.022 | J181: =IFERROR(VLOOKUP(A181,Hoja4!A:C,3,0),"") -> Carton | K181: =IFERROR(+E181/I181,0) -> 0.90029409 | L181: =IFERROR(VLOOKUP(A181,'[1]Consumo SEMANA ENEA'!$F:$ES,144,0),0) -> 38087.554
A182: 393321 | B182: HOJA SEPARADORA TORTA MEDIANA DIAMETRO 210 MMS. | C182: EN_MATPR | D182: E1-BMP Enea | E182: 4800 | F182: 151 | G182: 724800 | H182: =TODAY() -> 46207 | I182: =IFERROR(VLOOKUP(A182,'[1]Consumo SEMANA ENEA'!$F:$EM,138,0),0) -> 4854.5455 | J182: =IFERROR(VLOOKUP(A182,Hoja4!A:C,3,0),"") -> Carton | K182: =IFERROR(+E182/I182,0) -> 0.98876404 | L182: =IFERROR(VLOOKUP(A182,'[1]Consumo SEMANA ENEA'!$F:$ES,144,0),0) -> 12136.364
A183: 362105 | B183: HOJARASCA 19 CMS. PAVESI | C183: EN_MATPR | D183: E1-BMP Enea | E183: 68364 | F183: 178.44 | G183: 12198872 | H183: =TODAY() -> 46207 | I183: =IFERROR(VLOOKUP(A183,'[1]Consumo SEMANA ENEA'!$F:$EM,138,0),0) -> 107492.8 | J183: =IFERROR(VLOOKUP(A183,Hoja4!A:C,3,0),"") -> Insumo | K183: =IFERROR(+E183/I183,0) -> 0.63598678 | L183: =IFERROR(VLOOKUP(A183,'[1]Consumo SEMANA ENEA'!$F:$ES,144,0),0) -> 53746.4
A184: 403268 | B184: INSUMO DISCO PANQUEQUE CHOCOLATE 18 CM. | C184: EN_MATPR | D184: E1-BMP Enea | E184: 18288 | F184: 184.79 | G184: 3379439.5 | H184: =TODAY() -> 46207 | I184: =IFERROR(VLOOKUP(A184,'[1]Consumo SEMANA ENEA'!$F:$EM,138,0),0) -> 7007.4444 | J184: =IFERROR(VLOOKUP(A184,Hoja4!A:C,3,0),"") -> Insumo | K184: =IFERROR(+E184/I184,0) -> 2.6097959 | L184: =IFERROR(VLOOKUP(A184,'[1]Consumo SEMANA ENEA'!$F:$ES,144,0),0) -> 2335.8148
A185: 393216 | B185: INSUMO INTERPLANTA BIZCOCHO CHOCOLATE 17 CMS | C185: EN_MATPR | D185: E1-BMP Enea | E185: 3675 | F185: 697.06 | G185: 2561695.5 | H185: =TODAY() -> 46207 | I185: =IFERROR(VLOOKUP(A185,'[1]Consumo SEMANA ENEA'!$F:$EM,138,0),0) -> 5116.0455 | J185: =IFERROR(VLOOKUP(A185,Hoja4!A:C,3,0),"") -> Insumo | K185: =IFERROR(+E185/I185,0) -> 0.71832825 | L185: =IFERROR(VLOOKUP(A185,'[1]Consumo SEMANA ENEA'!$F:$ES,144,0),0) -> 1705.3485
... A254: 107102 | B254: TRUFA CHOCOLATE PURATOS | C254: EN_MATPR | D254: E1-BMP Enea | E254: 1200 | F254: 3120 | G254: 3744000 | H254: =TODAY() -> 46207 | I254: =IFERROR(VLOOKUP(A254,'[1]Consumo SEMANA ENEA'!$F:$EM,138,0),0) -> 950.82353 | J254: =IFERROR(VLOOKUP(A254,Hoja4!A:C,3,0),"") -> Fruta Conserva | K254: =IFERROR(+E254/I254,0) -> 1.2620638 | L254: =IFERROR(VLOOKUP(A254,'[1]Consumo SEMANA ENEA'!$F:$ES,144,0),0) -> 475.41176
A255: 405533 | B255: ULTRA RICH CLASICA UHT | C255: EN_MATPR | D255: E1-BMP Enea | E255: 262.06 | F255: 2266 | G255: 593827.96 | H255: =TODAY() -> 46207 | I255: =IFERROR(VLOOKUP(A255,'[1]Consumo SEMANA ENEA'!$F:$EM,138,0),0) -> 1132.4776 | J255: =IFERROR(VLOOKUP(A255,Hoja4!A:C,3,0),"") -> cremas | K255: =IFERROR(+E255/I255,0) -> 0.23140414 | L255: =IFERROR(VLOOKUP(A255,'[2]Consumo SEMANAL PV '!$B:$DQ,120,0),0) -> 155.1875
A256: 405590 | B256: VASOS CONO PAPEL FOOD PACK | C256: EN_MATPR | D256: E1-BMP Enea | E256: 20000 | F256: 12.2 | G256: 244000 | H256: =TODAY() -> 46207 | I256: =IFERROR(VLOOKUP(A256,'[1]Consumo SEMANA ENEA'!$F:$EM,138,0),0) -> 0 | J256: =IFERROR(VLOOKUP(A256,Hoja4!A:C,3,0),"") -> Carton | K256: =IFERROR(+E256/I256,0) -> 0 | L256: =IFERROR(VLOOKUP(A256,'[2]Consumo SEMANAL PV '!$B:$DQ,120,0),0) -> 0
A257: 107164 | B257: YOGURT FRUTILLA DIWATTS | C257: EN_MATPR | D257: E1-BMP Enea | E257: 1115.62 | F257: 1129 | G257: 1259535 | H257: =TODAY() -> 46207 | I257: =IFERROR(VLOOKUP(A257,'[1]Consumo SEMANA ENEA'!$F:$EM,138,0),0) -> 1029.8552 | J257: =IFERROR(VLOOKUP(A257,Hoja4!A:C,3,0),"") -> Yogurt | K257: =IFERROR(+E257/I257,0) -> 1.0832785 | L257: =IFERROR(VLOOKUP(A257,'[2]Consumo SEMANAL PV '!$B:$DQ,120,0),0) -> 104.65278
A258: 405797 | B258: ZANAHORIA BABY 454 GR AGROSANO | C258: EN_MATPR | D258: E1-BMP Enea | E258: 25.402 | F258: 7709.31 | G258: 195831.89 | H258: =TODAY() -> 46207 | I258: =IFERROR(VLOOKUP(A258,'[1]Consumo SEMANA ENEA'!$F:$EM,138,0),0) -> 5.994 | J258: =IFERROR(VLOOKUP(A258,Hoja4!A:C,3,0),"") -> Fruta Congelada | K258: =IFERROR(+E258/I258,0) -> 4.2379046 | L258: =IFERROR(VLOOKUP(A258,'[2]Consumo SEMANAL PV '!$B:$DQ,120,0),0) -> 0
A259: 103104 | B259: ACEITE VEGETAL 5000 CC. EGC | C259: PV_MATPR | D259: P1-BMP Puerto Vespucio | E259: 2140 | F259: 1600 | G259: 3424000 | H259: =TODAY() -> 46207 | I259: =IFERROR(VLOOKUP(A259,'[2]Consumo SEMANAL PV '!$B:$DJ,113,0),0) -> 208.32 | J259: =IFERROR(VLOOKUP(A259,Hoja4!A:C,3,0),"") -> Aceite | K259: =IFERROR(+E259/I259,0) -> 10.272657 | L259: =IFERROR(VLOOKUP(A259,'[2]Consumo SEMANAL PV '!$B:$DQ,120,0),0) -> 69.44
A260: 405418 | B260: AZUCAR FLOR 5KG MEL ALIMENTOS | C260: PV_MATPR | D260: P1-BMP Puerto Vespucio | E260: 295 | F260: 1371.64 | G260: 404633.8 | H260: =TODAY() -> 46207 | I260: =IFERROR(VLOOKUP(A260,'[2]Consumo SEMANAL PV '!$B:$DJ,113,0),0) -> 457.4 | J260: =IFERROR(VLOOKUP(A260,Hoja4!A:C,3,0),"") -> Azucar | K260: =IFERROR(+E260/I260,0) -> 0.64494972 | L260: =IFERROR(VLOOKUP(A260,'[2]Consumo SEMANAL PV '!$B:$DQ,120,0),0) -> 152.46667
A261: 104006 | B261: AZUCAR GRANULADA EGC | C261: PV_MATPR | D261: P1-BMP Puerto Vespucio | E261: 254 | F261: 900 | G261: 228600 | H261: =TODAY() -> 46207 | I261: =IFERROR(VLOOKUP(A261,'[2]Consumo SEMANAL PV '!$B:$DJ,113,0),0) -> 301.6 | J261: =IFERROR(VLOOKUP(A261,Hoja4!A:C,3,0),"") -> Azucar | K261: =IFERROR(+E261/I261,0) -> 0.84217507 | L261: =IFERROR(VLOOKUP(A261,'[2]Consumo SEMANAL PV '!$B:$DQ,120,0),0) -> 100.53333
A262: 104004 | B262: AZUCAR RUBIA EGC | C262: PV_MATPR | D262: P1-BMP Puerto Vespucio | E262: 94 | F262: 1239.49 | G262: 116512.06 | H262: =TODAY() -> 46207 | I262: =IFERROR(VLOOKUP(A262,'[2]Consumo SEMANAL PV '!$B:$DJ,113,0),0) -> 0 | J262: Bolsas | K262: =IFERROR(+E262/I262,0) -> 0 | L262: =IFERROR(VLOOKUP(A262,'[2]Consumo SEMANAL PV '!$B:$DQ,120,0),0) -> 0
A263: 405445 | B263: BASE TORTA 15PP ALTA COEXPAN | C263: PV_MATPR | D263: P1-BMP Puerto Vespucio | E263: 3200 | F263: 93.6 | G263: 299520 | H263: =TODAY() -> 46207 | I263: =IFERROR(VLOOKUP(A263,'[2]Consumo SEMANAL PV '!$B:$DJ,113,0),0) -> 20130.435 | J263: =IFERROR(VLOOKUP(A263,Hoja4!A:C,3,0),"") -> Cupula | K263: =IFERROR(+E263/I263,0) -> 0.15896328 | L263: =IFERROR(VLOOKUP(A263,'[2]Consumo SEMANAL PV '!$B:$DQ,120,0),0) -> 6710.1449
A264: 403338 | B264: BLISTER 7189 1 PASTEL DEANDES | C264: PV_MATPR | D264: P1-BMP Puerto Vespucio | E264: 1800 | F264: 49.44 | G264: 88992 | H264: =TODAY() -> 46207 | I264: =IFERROR(VLOOKUP(A264,'[2]Consumo SEMANAL PV '!$B:$DJ,113,0),0) -> 23824 | J264: =IFERROR(VLOOKUP(A264,Hoja4!A:C,3,0),"") -> Cupula | K264: =IFERROR(+E264/I264,0) -> 0.075554063 | L264: =IFERROR(VLOOKUP(A264,'[2]Consumo SEMANAL PV '!$B:$DQ,120,0),0) -> 11912
A265: 400101 | B265: BOLSA 30X32 CM 35 MICRAS | C265: PV_MATPR | D265: P1-BMP Puerto Vespucio | E265: 77749 | F265: 22.5 | G265: 1749352.5 | H265: =TODAY() -> 46207 | I265: =IFERROR(VLOOKUP(A265,'[2]Consumo SEMANAL PV '!$B:$DJ,113,0),0) -> 5768.1818 | J265: =IFERROR(VLOOKUP(A265,Hoja4!A:C,3,0),"") -> Bolsas | K265: =IFERROR(+E265/I265,0) -> 13.478944 | L265: =IFERROR(VLOOKUP(A265,'[2]Consumo SEMANAL PV '!$B:$DQ,120,0),0) -> 4806.8182
A266: 501114 | B266: BOLSA COLOR AZUL 100 X 120 X 0,035 SIGNO | C266: PV_MATPR | D266: P1-BMP Puerto Vespucio | E266: 5000 | F266: 158 | G266: 790000 | H266: =TODAY() -> 46207 | I266: =IFERROR(VLOOKUP(A266,'[2]Consumo SEMANAL PV '!$B:$DJ,113,0),0) -> 1000 | J266: =IFERROR(VLOOKUP(A266,Hoja4!A:C,3,0),"") | K266: =IFERROR(+E266/I266,0) -> 5 | L266: =IFERROR(VLOOKUP(A266,'[2]Consumo SEMANAL PV '!$B:$DQ,120,0),0) -> 1166.6667
A267: 400205 | B267: BOLSA PEBD 40x42 CM x35 MICRAS | C267: PV_MATPR | D267: P1-BMP Puerto Vespucio | E267: 26000 | F267: 39.33 | G267: 1022580 | H267: =TODAY() -> 46207 | I267: =IFERROR(VLOOKUP(A267,'[2]Consumo SEMANAL PV '!$B:$DJ,113,0),0) -> 5800 | J267: =IFERROR(VLOOKUP(A267,Hoja4!A:C,3,0),"") -> Bolsas | K267: =IFERROR(+E267/I267,0) -> 4.4827586 | L267: =IFERROR(VLOOKUP(A267,'[2]Consumo SEMANAL PV '!$B:$DQ,120,0),0) -> 4833.3333
A268: 400202 | B268: BOLSA PREPICADA 50x75 | C268: PV_MATPR | D268: P1-BMP Puerto Vespucio | E268: 245 | F268: 2643.75 | G268: 647718.75 | H268: =TODAY() -> 46207 | I268: =IFERROR(VLOOKUP(A268,'[2]Consumo SEMANAL PV '!$B:$DJ,113,0),0) -> 18.571429 | J268: =IFERROR(VLOOKUP(A268,Hoja4!A:C,3,0),"") -> Bolsas | K268: =IFERROR(+E268/I268,0) -> 13.192308 | L268: =IFERROR(VLOOKUP(A268,'[2]Consumo SEMANAL PV '!$B:$DQ,120,0),0) -> 15.47619
A269: 400203 | B269: BOLSA PREPICADA BANDEJA (22+60+22)104x90 | C269: PV_MATPR | D269: P1-BMP Puerto Vespucio | E269: 215 | F269: 2564.05 | G269: 551270.75 | H269: =TODAY() -> 46207 | I269: =IFERROR(VLOOKUP(A269,'[2]Consumo SEMANAL PV '!$B:$DJ,113,0),0) -> 181.16667 | J269: =IFERROR(VLOOKUP(A269,Hoja4!A:C,3,0),"") -> Bolsas | K269: =IFERROR(+E269/I269,0) -> 1.1867525 | L269: =IFERROR(VLOOKUP(A269,'[2]Consumo SEMANAL PV '!$B:$DQ,120,0),0) -> 150.97222
A270: 403245 | B270: Borde G 220x25 VERTIENTES | C270: PV_MATPR | D270: P1-BMP Puerto Vespucio | E270: 4420 | F270: 160 | G270: 707200 | H270: =TODAY() -> 46207 | I270: =IFERROR(VLOOKUP(A270,'[2]Consumo SEMANAL PV '!$B:$DJ,113,0),0) -> 6692.5 | J270: =IFERROR(VLOOKUP(A270,Hoja4!A:C,3,0),"") -> Carton | K270: =IFERROR(+E270/I270,0) -> 0.66044079 | L270: =IFERROR(VLOOKUP(A270,'[2]Consumo SEMANAL PV '!$B:$DQ,120,0),0) -> 4461.6667
A271: 107120 | B271: BRILLO FRIO RTU PURATOS | C271: PV_MATPR | D271: P1-BMP Puerto Vespucio | E271: 391.5 | F271: 1829.97 | G271: 716433.26 | H271: =TODAY() -> 46207 | I271: =IFERROR(VLOOKUP(A271,'[2]Consumo SEMANAL PV '!$B:$DJ,113,0),0) -> 292.86 | J271: =IFERROR(VLOOKUP(A271,Hoja4!A:C,3,0),"") -> Mermelada | K271: =IFERROR(+E271/I271,0) -> 1.3368162 | L271: =IFERROR(VLOOKUP(A271,'[2]Consumo SEMANAL PV '!$B:$DQ,120,0),0) -> 195.24
A272: 107367 | B272: CAJA DE ENCOMIENDA (EN) SYCOR | C272: PV_MATPR | D272: P1-BMP Puerto Vespucio | E272: 400 | F272: 890.76 | G272: 356304 | H272: =TODAY() -> 46207 | I272: =IFERROR(VLOOKUP(A272,'[2]Consumo SEMANAL PV '!$B:$DJ,113,0),0) -> 450 | J272: =IFERROR(VLOOKUP(A272,Hoja4!A:C,3,0),"") -> Caja | K272: =IFERROR(+E272/I272,0) -> 0.88888889 | L272: =IFERROR(VLOOKUP(A272,'[2]Consumo SEMANAL PV '!$B:$DQ,120,0),0) -> 1125
A273: 405696 | B273: CAJA PASTELES 600X325X120 ASTRA | C273: PV_MATPR | D273: P1-BMP Puerto Vespucio | E273: 100 | F273: 600 | G273: 60000 | H273: =TODAY() -> 46207 | I273: =IFERROR(VLOOKUP(A273,'[2]Consumo SEMANAL PV '!$B:$DJ,113,0),0) -> 500 | J273: =IFERROR(VLOOKUP(A273,Hoja4!A:C,3,0),"") -> Caja | K273: =IFERROR(+E273/I273,0) -> 0.2 | L273: =IFERROR(VLOOKUP(A273,'[2]Consumo SEMANAL PV '!$B:$DQ,120,0),0) -> 1250
A274: 405794 | B274: CAJA PASTELES 600X325X120 FULL CARTON | C274: PV_MATPR | D274: P1-BMP Puerto Vespucio | E274: 1867 | F274: 600 | G274: 1120200 | H274: =TODAY() -> 46207 | I274: =IFERROR(VLOOKUP(A274,'[2]Consumo SEMANAL PV '!$B:$DJ,113,0),0) -> 0 | J274: =IFERROR(VLOOKUP(A274,Hoja4!A:C,3,0),"") -> Carton | K274: =IFERROR(+E274/I274,0) -> 0 | L274: =IFERROR(VLOOKUP(A274,'[2]Consumo SEMANAL PV '!$B:$DQ,120,0),0) -> 0
... A384: 107144 | B384: MANZANAS SLICE MEL | C384: PV_MATPR | D384: P1-BMP Puerto Vespucio | E384: 454.1 | F384: 3082.5 | G384: 1399763.2 | H384: =TODAY() -> 46207 | I384: =IFERROR(VLOOKUP(A384,'[2]Consumo SEMANAL PV '!$B:$DJ,113,0),0) -> 335.984 | J384: =IFERROR(VLOOKUP(A384,Hoja4!A:C,3,0),"") -> fruta Conserva | K384: =IFERROR(+E384/I384,0) -> 1.3515525 | L384: =IFERROR(VLOOKUP(A384,'[2]Consumo SEMANAL PV '!$B:$DQ,120,0),0) -> 111.99467
A385: 103007 | B385: MARGARINA HORNITO CERRILLOS | C385: PV_MATPR | D385: P1-BMP Puerto Vespucio | E385: 1025 | F385: 1750 | G385: 1793750 | H385: =TODAY() -> 46207 | I385: =IFERROR(VLOOKUP(A385,'[2]Consumo SEMANAL PV '!$B:$DJ,113,0),0) -> 1220.48 | J385: Chocolate | K385: =IFERROR(+E385/I385,0) -> 0.83983351 | L385: =IFERROR(VLOOKUP(A385,'[2]Consumo SEMANAL PV '!$B:$DQ,120,0),0) -> 406.82667
A386: 107001 | B386: MARRASQUINO ALTO LA CRUZ | C386: PV_MATPR | D386: P1-BMP Puerto Vespucio | E386: 233 | F386: 5888.37 | G386: 1371990.2 | H386: =TODAY() -> 46207 | I386: =IFERROR(VLOOKUP(A386,'[2]Consumo SEMANAL PV '!$B:$DJ,113,0),0) -> 130.03333 | J386: =IFERROR(VLOOKUP(A386,Hoja4!A:C,3,0),"") -> Fruta conserva | K386: =IFERROR(+E386/I386,0) -> 1.7918482 | L386: =IFERROR(VLOOKUP(A386,'[2]Consumo SEMANAL PV '!$B:$DQ,120,0),0) -> 65.016667
A387: 107324 | B387: MARRASQUINO FRUCOL | C387: PV_MATPR | D387: P1-BMP Puerto Vespucio | E387: 453.6 | F387: 5177.66 | G387: 2348586.6 | H387: =TODAY() -> 46207 | I387: =IFERROR(VLOOKUP(A387,'[2]Consumo SEMANAL PV '!$B:$DJ,113,0),0) -> 298.74917 | J387: =IFERROR(VLOOKUP(A387,Hoja4!A:C,3,0),"") -> Fruta Conserva | K387: =IFERROR(+E387/I387,0) -> 1.5183306 | L387: =IFERROR(VLOOKUP(A387,'[2]Consumo SEMANAL PV '!$B:$DQ,120,0),0) -> 248.95764
A388: 405694 | B388: MASA KNAFE SUK | C388: PV_MATPR | D388: P1-BMP Puerto Vespucio | E388: 49 | F388: 6290 | G388: 308210 | H388: =TODAY() -> 46207 | I388: =IFERROR(VLOOKUP(A388,'[2]Consumo SEMANAL PV '!$B:$DJ,113,0),0) -> 0 | J388: =IFERROR(VLOOKUP(A388,Hoja4!A:C,3,0),"") | K388: =IFERROR(+E388/I388,0) -> 0 | L388: =IFERROR(VLOOKUP(A388,'[2]Consumo SEMANAL PV '!$B:$DQ,120,0),0) -> 0
A389: 107158 | B389: MER. MEL PIÑA BALDE 5 Kg | C389: PV_MATPR | D389: P1-BMP Puerto Vespucio | E389: 530 | F389: 3390.94 | G389: 1797198.2 | H389: =TODAY() -> 46207 | I389: =IFERROR(VLOOKUP(A389,'[2]Consumo SEMANAL PV '!$B:$DJ,113,0),0) -> 190.74 | J389: =IFERROR(VLOOKUP(A389,Hoja4!A:C,3,0),"") -> Mermelada | K389: =IFERROR(+E389/I389,0) -> 2.7786516 | L389: =IFERROR(VLOOKUP(A389,'[2]Consumo SEMANAL PV '!$B:$DQ,120,0),0) -> 63.58
A390: 107321 | B390: MERENGUE CONGELABLE PURATOS | C390: PV_MATPR | D390: P1-BMP Puerto Vespucio | E390: 935 | F390: 2630 | G390: 2459050 | H390: =TODAY() -> 46207 | I390: =IFERROR(VLOOKUP(A390,'[2]Consumo SEMANAL PV '!$B:$DJ,113,0),0) -> 643.6 | J390: =IFERROR(VLOOKUP(A390,Hoja4!A:C,3,0),"") -> Insumo | K390: =IFERROR(+E390/I390,0) -> 1.4527657 | L390: =IFERROR(VLOOKUP(A390,'[2]Consumo SEMANAL PV '!$B:$DQ,120,0),0) -> 429.06667
A391: 107112 | B391: MERENGUE PURATOS | C391: PV_MATPR | D391: P1-BMP Puerto Vespucio | E391: 210 | F391: 2713 | G391: 569730 | H391: =TODAY() -> 46207 | I391: =IFERROR(VLOOKUP(A391,'[2]Consumo SEMANAL PV '!$B:$DJ,113,0),0) -> 103.2 | J391: =IFERROR(VLOOKUP(A391,Hoja4!A:C,3,0),"") -> Insumo | K391: =IFERROR(+E391/I391,0) -> 2.0348837 | L391: =IFERROR(VLOOKUP(A391,'[2]Consumo SEMANAL PV '!$B:$DQ,120,0),0) -> 68.8
A392: 405318 | B392: MERM. EBEL FRUTOS DEL BOSQUE BALDE 5 KG | C392: PV_MATPR | D392: P1-BMP Puerto Vespucio | E392: 625 | F392: 2862 | G392: 1788750 | H392: =TODAY() -> 46207 | I392: =IFERROR(VLOOKUP(A392,'[2]Consumo SEMANAL PV '!$B:$DJ,113,0),0) -> 232.77778 | J392: =IFERROR(VLOOKUP(A392,Hoja4!A:C,3,0),"") -> Mermelada | K392: =IFERROR(+E392/I392,0) -> 2.6849642 | L392: =IFERROR(VLOOKUP(A392,'[2]Consumo SEMANAL PV '!$B:$DQ,120,0),0) -> 77.592593
A393: 170173 | B393: MERM. EBEL GRANDES CONSUMIDORES FRUTILLA BALDE 5 Kg | C393: PV_MATPR | D393: P1-BMP Puerto Vespucio | E393: 555 | F393: 2035.33 | G393: 1129608.1 | H393: =TODAY() -> 46207 | I393: =IFERROR(VLOOKUP(A393,'[2]Consumo SEMANAL PV '!$B:$DJ,113,0),0) -> 74.791667 | J393: =IFERROR(VLOOKUP(A393,Hoja4!A:C,3,0),"") -> Mermelada | K393: =IFERROR(+E393/I393,0) -> 7.4206128 | L393: =IFERROR(VLOOKUP(A393,'[2]Consumo SEMANAL PV '!$B:$DQ,120,0),0) -> 24.930556
A394: 107157 | B394: MERM. EBEL GUINDA (ET. VERDE) BL 5 Kg | C394: PV_MATPR | D394: P1-BMP Puerto Vespucio | E394: 1050 | F394: 2098.69 | G394: 2203624.5 | H394: =TODAY() -> 46207 | I394: =IFERROR(VLOOKUP(A394,'[2]Consumo SEMANAL PV '!$B:$DJ,113,0),0) -> 832.6 | J394: =IFERROR(VLOOKUP(A394,Hoja4!A:C,3,0),"") -> Mermelada | K394: =IFERROR(+E394/I394,0) -> 1.2611098 | L394: =IFERROR(VLOOKUP(A394,'[2]Consumo SEMANAL PV '!$B:$DQ,120,0),0) -> 277.53333
A395: 403391 | B395: MERM. EBEL PIÑA QUINTA BALDE 5 Kg | C395: PV_MATPR | D395: P1-BMP Puerto Vespucio | E395: 610 | F395: 1611.52 | G395: 983027.2 | H395: =TODAY() -> 46207 | I395: =IFERROR(VLOOKUP(A395,'[2]Consumo SEMANAL PV '!$B:$DJ,113,0),0) -> 802.91667 | J395: =IFERROR(VLOOKUP(A395,Hoja4!A:C,3,0),"") -> Mermelada | K395: =IFERROR(+E395/I395,0) -> 0.75973015 | L395: =IFERROR(VLOOKUP(A395,'[2]Consumo SEMANAL PV '!$B:$DQ,120,0),0) -> 267.63889
A396: 403408 | B396: MERM. LAMARKA DAMASCO BALDE 5 Kg | C396: PV_MATPR | D396: P1-BMP Puerto Vespucio | E396: 315 | F396: 1705.48 | G396: 537226.2 | H396: =TODAY() -> 46207 | I396: =IFERROR(VLOOKUP(A396,'[2]Consumo SEMANAL PV '!$B:$DJ,113,0),0) -> 137 | J396: =IFERROR(VLOOKUP(A396,Hoja4!A:C,3,0),"") -> Mermelada | K396: =IFERROR(+E396/I396,0) -> 2.2992701 | L396: =IFERROR(VLOOKUP(A396,'[2]Consumo SEMANAL PV '!$B:$DQ,120,0),0) -> 45.666667
A397: 403407 | B397: MERM. LAMARKA FRAMBUESA BALDE 5 Kg | C397: PV_MATPR | D397: P1-BMP Puerto Vespucio | E397: 1165 | F397: 2346.84 | G397: 2734068.6 | H397: =TODAY() -> 46207 | I397: =IFERROR(VLOOKUP(A397,'[2]Consumo SEMANAL PV '!$B:$DJ,113,0),0) -> 1235.8 | J397: =IFERROR(VLOOKUP(A397,Hoja4!A:C,3,0),"") -> Mermelada | K397: =IFERROR(+E397/I397,0) -> 0.94270918 | L397: =IFERROR(VLOOKUP(A397,'[2]Consumo SEMANAL PV '!$B:$DQ,120,0),0) -> 411.93333
... A420: 405793 | B420: PLANCHA DE CARTON 1X1,20 FULL CARTON | C420: PV_MATPR | D420: P1-BMP Puerto Vespucio | E420: 1500 | F420: 617.33 | G420: 925995 | H420: =TODAY() -> 46207 | I420: =IFERROR(VLOOKUP(A420,'[2]Consumo SEMANAL PV '!$B:$DJ,113,0),0) -> 500 | J420: =IFERROR(VLOOKUP(A420,Hoja4!A:C,3,0),"") -> Carton | K420: =IFERROR(+E420/I420,0) -> 3 | L420: =IFERROR(VLOOKUP(A420,'[2]Consumo SEMANAL PV '!$B:$DQ,120,0),0) -> 1250
A421: 362029 | B421: PLANCHA DE HOJA 42X36X1 cm (1x12) | C421: PV_MATPR | D421: P1-BMP Puerto Vespucio | E421: 440 | F421: 1068.05 | G421: 469942 | H421: =TODAY() -> 46207 | I421: =IFERROR(VLOOKUP(A421,'[2]Consumo SEMANAL PV '!$B:$DJ,113,0),0) -> 932.16667 | J421: Mix | K421: =IFERROR(+E421/I421,0) -> 0.47201859 | L421: =IFERROR(VLOOKUP(A421,'[2]Consumo SEMANAL PV '!$B:$DQ,120,0),0) -> 310.72222
A422: 393222 | B422: PLANCHA PANQUEQUE VAINILLA TERCEROS PAVESI | C422: PV_MATPR | D422: P1-BMP Puerto Vespucio | E422: 80 | F422: 2444.4 | G422: 195552 | H422: =TODAY() -> 46207 | I422: =IFERROR(VLOOKUP(A422,'[2]Consumo SEMANAL PV '!$B:$DJ,113,0),0) -> 769.2 | J422: =IFERROR(VLOOKUP(A422,Hoja4!A:C,3,0),"") -> Insumo | K422: =IFERROR(+E422/I422,0) -> 0.10400416 | L422: =IFERROR(VLOOKUP(A422,'[2]Consumo SEMANAL PV '!$B:$DQ,120,0),0) -> 384.6
A423: 405570 | B423: PM CREAM VELVET BAKELS | C423: PV_MATPR | D423: P1-BMP Puerto Vespucio | E423: 340 | F423: 1500 | G423: 510000 | H423: =TODAY() -> 46207 | I423: =IFERROR(VLOOKUP(A423,'[2]Consumo SEMANAL PV '!$B:$DJ,113,0),0) -> 565.21739 | J423: =IFERROR(VLOOKUP(A423,Hoja4!A:C,3,0),"") -> mix | K423: =IFERROR(+E423/I423,0) -> 0.60153846 | L423: =IFERROR(VLOOKUP(A423,'[2]Consumo SEMANAL PV '!$B:$DQ,120,0),0) -> 282.6087
A424: 405811 | B424: PREMEZCLA BIZCOCHO ZANAHORIA ASITEC | C424: PV_MATPR | D424: P1-BMP Puerto Vespucio | E424: 50 | F424: 3750 | G424: 187500 | H424: =TODAY() -> 46207 | I424: =IFERROR(VLOOKUP(A424,'[2]Consumo SEMANAL PV '!$B:$DJ,113,0),0) -> 0 | J424: =IFERROR(VLOOKUP(A424,Hoja4!A:C,3,0),"") | K424: =IFERROR(+E424/I424,0) -> 0 | L424: =IFERROR(VLOOKUP(A424,'[2]Consumo SEMANAL PV '!$B:$DQ,120,0),0) -> 0
A425: 403269 | B425: PROPIONATO DE CALCIO 14 KG WINKLER | C425: PV_MATPR | D425: P1-BMP Puerto Vespucio | E425: 5.72 | F425: 3688.46 | G425: 21097.991 | H425: =TODAY() -> 46207 | I425: =IFERROR(VLOOKUP(A425,'[2]Consumo SEMANAL PV '!$B:$DJ,113,0),0) -> 2.5166667 | J425: =IFERROR(VLOOKUP(A425,Hoja4!A:C,3,0),"") -> Propionato | K425: =IFERROR(+E425/I425,0) -> 2.2728477 | L425: =IFERROR(VLOOKUP(A425,'[2]Consumo SEMANAL PV '!$B:$DQ,120,0),0) -> 1.2583333
A426: 201103 | B426: PROTEKTOR PURATOS | C426: PV_MATPR | D426: P1-BMP Puerto Vespucio | E426: 60 | F426: 5673 | G426: 340380 | H426: =TODAY() -> 46207 | I426: =IFERROR(VLOOKUP(A426,'[2]Consumo SEMANAL PV '!$B:$DJ,113,0),0) -> 7.1304348 | J426: =IFERROR(VLOOKUP(A426,Hoja4!A:C,3,0),"") -> Remojo | K426: =IFERROR(+E426/I426,0) -> 8.4146341 | L426: =IFERROR(VLOOKUP(A426,'[2]Consumo SEMANAL PV '!$B:$DQ,120,0),0) -> 4.7536232
A427: 107095 | B427: PURE DE LUCUMA (ET. VERDE) BALDE 4,5 Kg | C427: PV_MATPR | D427: P1-BMP Puerto Vespucio | E427: 1107 | F427: 4446.7 | G427: 4922496.9 | H427: =TODAY() -> 46207 | I427: =IFERROR(VLOOKUP(A427,'[2]Consumo SEMANAL PV '!$B:$DJ,113,0),0) -> 638.24 | J427: =IFERROR(VLOOKUP(A427,Hoja4!A:C,3,0),"") -> Mermelada | K427: =IFERROR(+E427/I427,0) -> 1.7344573 | L427: =IFERROR(VLOOKUP(A427,'[2]Consumo SEMANAL PV '!$B:$DQ,120,0),0) -> 212.74667
...

Sheet Hoja3
A1: Número de artículo | B1: Descripción del artículo | C1: ENEA | D1: VESPUCIO | E1: CURICO | F1: TIPS
A2: 405482 | B2: ALMENDRAS FILETEADAS EGC | C2: 1 | D2: =IFERROR(VLOOKUP(A2,'[3]Consumo SEMANAL PV '!$B:$B,1,0),0) -> 0 | E2: 0 | F2: =COUNTIF(C2:E2,1) -> 1
A3: 405682 | B3: ALMENDRAS FILETEADAS TOSTADAS ALTO LA CRUZ | C3: 1 | D3: =IFERROR(VLOOKUP(A3,'[3]Consumo SEMANAL PV '!$B:$B,1,0),0) -> 0 | E3: 0 | F3: =COUNTIF(C3:E3,1) -> 1
A4: 405418 | B4: AZUCAR FLOR 5KG MEL ALIMENTOS | C4: 1 | D4: 1 | E4: 0 | F4: =COUNTIF(C4:E4,1) -> 2
A5: 104006 | B5: AZUCAR GRANULADA EGC | C5: 1 | D5: 1 | E5: 0 | F5: =COUNTIF(C5:E5,1) -> 2
A6: 405445 | B6: BASE TORTA 15PP ALTA COEXPAN | C6: 1 | D6: 1 | E6: 1 | F6: =COUNTIF(C6:E6,1) -> 3
A7: 107302 | B7: BELCOLADE AMARGO 55% PURATOS | C7: 1 | D7: =IFERROR(VLOOKUP(A7,'[3]Consumo SEMANAL PV '!$B:$B,1,0),0) -> 0 | E7: 0 | F7: =COUNTIF(C7:E7,1) -> 1
A8: 400216 | B8: BIZCOCHO CARROT CAKE PAVESI | C8: 1 | D8: =IFERROR(VLOOKUP(A8,'[3]Consumo SEMANAL PV '!$B:$B,1,0),0) -> 0 | E8: 0 | F8: =COUNTIF(C8:E8,1) -> 1
A9: 403338 | B9: BLISTER 7189 1 PASTEL DEANDES | C9: 1 | D9: 1 | E9: 0 | F9: =COUNTIF(C9:E9,1) -> 2
A10: 402263 | B10: BOLSA PREPICADA BANDEJA 100*90 COLOR AZUL ASTRA | C10: 1 | D10: 1 | E10: 0 | F10: =COUNTIF(C10:E10,1) -> 2
A11: 400203 | B11: BOLSA PREPICADA BANDEJA (22+60+22)104x90 | C11: 1 | D11: 1 | E11: 1 | F11: =COUNTIF(C11:E11,1) -> 3
A12: 107120 | B12: BRILLO FRIO RTU PURATOS | C12: 1 | D12: 1 | E12: 0 | F12: =COUNTIF(C12:E12,1) -> 2
A13: 101002 | B13: CACAO AMARGO PURATOS | C13: 1 | D13: 1 | E13: 0 | F13: =COUNTIF(C13:E13,1) -> 2
A14: 106401 | B14: CAFE POLVO WINKLER | C14: 1 | D14: 1 | E14: 0 | F14: =COUNTIF(C14:E14,1) -> 2
A15: 107361 | B15: CAJA PTG AZUL 15PP ALTA SYCOR | C15: 1 | D15: 1 | E15: 0 | F15: =COUNTIF(C15:E15,1) -> 2
A16: 107367 | B16: CAJA DE ENCOMIENDA (EN) SYCOR | C16: 1 | D16: 1 | E16: 0 | F16: =COUNTIF(C16:E16,1) -> 2
A17: 107366 | B17: CAJA MADRE DE PLANCHAS (PL) SYCOR | C17: 1 | D17: 1 | E17: 1 | F17: =COUNTIF(C17:E17,1) -> 3
A18: 405696 | B18: CAJA PASTELES 600X325X120 ASTRA | C18: 1 | D18: 1 | E18: 0 | F18: =COUNTIF(C18:E18,1) -> 2
A19: 405503 | B19: CAJA PASTELES ASTRA | C19: 1 | D19: 1 | E19: 0 | F19: =COUNTIF(C19:E19,1) -> 2
A20: 403219 | B20: CAPSULA OVALADA N° 10 ARRIAZA | C20: 1 | D20: 1 | E20: 0 | F20: =COUNTIF(C20:E20,1) -> 2
A21: 405749 | B21: CARAVELLA RELL FRÍO-CALIENTE AVELLANA 13 KG MASTER MARTINI | C21: 1 | D21: =IFERROR(VLOOKUP(A21,'[3]Consumo SEMANAL PV '!$B:$B,1,0),0) -> 0 | E21: 0 | F21: =COUNTIF(C21:E21,1) -> 1
A22: 107312 | B22: CEREZAS AL JUGO CAMPOS | C22: 1 | D22: =IFERROR(VLOOKUP(A22,'[3]Consumo SEMANAL PV '!$B:$B,1,0),0) -> 0 | E22: 0 | F22: =COUNTIF(C22:E22,1) -> 1
A23: 403336 | B23: CEREZAS AL JUGO DESCAROZADAS TRES ERRES | C23: 1 | D23: =IFERROR(VLOOKUP(A23,'[3]Consumo SEMANAL PV '!$B:$B,1,0),0) -> 0 | E23: 0 | F23: =COUNTIF(C23:E23,1) -> 1
A24: 107356 | B24: CHOCOLATE SEMI AMARGO 54% MEL | C24: 1 | D24: 1 | E24: 0 | F24: =COUNTIF(C24:E24,1) -> 2
A25: 405373 | B25: CINTA BICOLOR BNEGRO #500 | C25: 1 | D25: =IFERROR(VLOOKUP(A25,'[3]Consumo SEMANAL PV '!$B:$B,1,0),0) -> 0 | E25: 0 | F25: =COUNTIF(C25:E25,1) -> 1
A26: 402255 | B26: CINTA DE EMBALAJE 72x100 SOLUTION | C26: 1 | D26: 1 | E26: 1 | F26: =COUNTIF(C26:E26,1) -> 3
A27: 404309 | B27: CINTA NEGRA GC ZUKKER | C27: 1 | D27: 1 | E27: 1 | F27: =COUNTIF(C27:E27,1) -> 3
A28: 107197 | B28: COBERTURA CHOCOLATE BLANCO | C28: 1 | D28: 1 | E28: 0 | F28: =COUNTIF(C28:E28,1) -> 2
A29: 107249 | B29: COBERTURA CHOCOLATES MONEDAS PURATOS | C29: 1 | D29: 1 | E29: 0 | F29: =COUNTIF(C29:E29,1) -> 2
A30: 107134 | B30: COCO RALLADO ALTO LA CRUZ | C30: 1 | D30: 1 | E30: 0 | F30: =COUNTIF(C30:E30,1) -> 2
A31: 405747 | B31: COCTEL DE FRUTA CAMPOS | C31: 1 | D31: =IFERROR(VLOOKUP(A31,'[3]Consumo SEMANAL PV '!$B:$B,1,0),0) -> 0 | E31: 0 | F31: =COUNTIF(C31:E31,1) -> 1
A32: 403355 | B32: COGÑAC TRES PALOS DE 1LT | C32: 1 | D32: =IFERROR(VLOOKUP(A32,'[3]Consumo SEMANAL PV '!$B:$B,1,0),0) -> 0 | E32: 0 | F32: =COUNTIF(C32:E32,1) -> 1
A33: 107320 | B33: COLDFIL PIE DE LIMÓN | C33: 1 | D33: 1 | E33: 0 | F33: =COUNTIF(C33:E33,1) -> 2
A34: 405427 | B34: COLORANTE ARTIFICIAL AMARILLO DUAS RODAS | C34: 1 | D34: =IFERROR(VLOOKUP(A34,'[3]Consumo SEMANAL PV '!$B:$B,1,0),0) -> 0 | E34: 0 | F34: =COUNTIF(C34:E34,1) -> 1
A35: 107323 | B35: COMBO 88 ALTA 12 PP LISA MOLDES PAC | C35: 1 | D35: =IFERROR(VLOOKUP(A35,'[3]Consumo SEMANAL PV '!$B:$B,1,0),0) -> 0 | E35: 0 | F35: =COUNTIF(C35:E35,1) -> 1
A36: 107300 | B36: COMBO 88 ALTA 12 PP MOLDES PAC | C36: 1 | D36: 1 | E36: 1 | F36: =COUNTIF(C36:E36,1) -> 3
A37: 405560 | B37: COSTA CHOCOLATE 24X140 GRS CAROZZI | C37: 1 | D37: =IFERROR(VLOOKUP(A37,'[3]Consumo SEMANAL PV '!$B:$B,1,0),0) -> 0 | E37: 0 | F37: =COUNTIF(C37:E37,1) -> 1
A38: 393400 | B38: COVER PASTELERÍA U2 SEMIAMARGO GOTA PURATOS | C38: 1 | D38: =IFERROR(VLOOKUP(A38,'[3]Consumo SEMANAL PV '!$B:$B,1,0),0) -> 0 | E38: 0 | F38: =COUNTIF(C38:E38,1) -> 1
A39: 405559 | B39: CREAM CHEESE BALDE MILKAUT SANTA ROSA | C39: 1 | D39: =IFERROR(VLOOKUP(A39,'[3]Consumo SEMANAL PV '!$B:$B,1,0),0) -> 0 | E39: 0 | F39: =COUNTIF(C39:E39,1) -> 1
A40: 170183 | B40: CREMA AMBIANTE NATA PURATOS | C40: 1 | D40: =IFERROR(VLOOKUP(A40,'[3]Consumo SEMANAL PV '!$B:$B,1,0),0) -> 0 | E40: 0 | F40: =COUNTIF(C40:E40,1) -> 1
A41: 107342 | B41: CREMA CHANTYPACK PURATOS | C41: 1 | D41: 0 | E41: 0 | F41: =COUNTIF(C41:E41,1) -> 1
A42: 107237 | B42: CREMA CHOCOLATE RICHS | C42: 1 | D42: 1 | E42: 0 | F42: =COUNTIF(C42:E42,1) -> 2
A43: 107104 | B43: CREMA LACTEA DIWATTS | C43: 1 | D43: 1 | E43: 0 | F43: =COUNTIF(C43:E43,1) -> 2
A44: 107142 | B44: CREMA LACTEA SOPROLE | C44: 1 | D44: 1 | E44: 0 | F44: =COUNTIF(C44:E44,1) -> 2
A45: 107098 | B45: CREMA PASTELERA ESPECIAL PURATOS | C45: 1 | D45: 1 | E45: 1 | F45: =COUNTIF(C45:E45,1) -> 3
A46: 107242 | B46: CREMA RELLENO SABOR NARANJA ESP. QUINTA SC 1X5 Kg | C46: 1 | D46: 1 | E46: 0 | F46: =COUNTIF(C46:E46,1) -> 2
A47: 405673 | B47: CREMA VEGETAL AMBIANTE | C47: 1 | D47: =IFERROR(VLOOKUP(A47,'[3]Consumo SEMANAL PV '!$B:$B,1,0),0) -> 0 | E47: 0 | F47: =COUNTIF(C47:E47,1) -> 1
A48: 103612 | B48: CREMA VEGETAL MASTER MARTINI | C48: 1 | D48: 1 | E48: 0 | F48: =COUNTIF(C48:E48,1) -> 2
A49: 107209 | B49: CREMA WHIP TOPPIN RICH | C49: 1 | D49: 1 | E49: 0 | F49: =COUNTIF(C49:E49,1) -> 2
A50: 107105 | B50: CREMFIL PIE DE LIMON PURATOS | C50: 1 | D50: =IFERROR(VLOOKUP(A50,'[3]Consumo SEMANAL PV '!$B:$B,1,0),0) -> 0 | E50: 0 | F50: =COUNTIF(C50:E50,1) -> 1
A51: 107345 | B51: CUPULA 170BX DEANDES | C51: 1 | D51: 1 | E51: 0 | F51: =COUNTIF(C51:E51,1) -> 2
A52: 403212 | B52: CUPULA BRAZO REINA MONSALVE | C52: 1 | D52: =IFERROR(VLOOKUP(A52,'[3]Consumo SEMANAL PV '!$B:$B,1,0),0) -> 0 | E52: 0 | F52: =COUNTIF(C52:E52,1) -> 1
A53: 404314 | B53: CUPULA MEDIA TORTA FOOD PACK | C53: 1 | D53: =IFERROR(VLOOKUP(A53,'[3]Consumo SEMANAL PV '!$B:$B,1,0),0) -> 0 | E53: 0 | F53: =COUNTIF(C53:E53,1) -> 1
A54: 107339 | B54: CUPULA TARTA 1025-3 MOLDES PAC | C54: 1 | D54: 1 | E54: 0 | F54: =COUNTIF(C54:E54,1) -> 2
A55: 405444 | B55: CUPULA TORTA 15 PP ALTA COEXPAN | C55: 1 | D55: 1 | E55: 1 | F55: =COUNTIF(C55:E55,1) -> 3
A56: 405278 | B56: CUPULA TORTA 15PP (98-45) MOLDESPAC | C56: 1 | D56: 1 | E56: 0 | F56: =COUNTIF(C56:E56,1) -> 2
A57: 107344 | B57: CUPULA TORTA ALTA 15PP (98-5) MOLDESPAC | C57: 1 | D57: 1 | E57: 1 | F57: =COUNTIF(C57:E57,1) -> 3
A58: 107303 | B58: CURLS CHOCOLATE PURATOS | C58: 1 | D58: =IFERROR(VLOOKUP(A58,'[3]Consumo SEMANAL PV '!$B:$B,1,0),0) -> 0 | E58: 0 | F58: =COUNTIF(C58:E58,1) -> 1
A59: 107127 | B59: DECORCREM BLANCO 4k PURATOS | C59: 1 | D59: 1 | E59: 1 | F59: =COUNTIF(C59:E59,1) -> 3
A60: 107108 | B60: DECORCREM NEGRO PURATOS | C60: 1 | D60: 1 | E60: 1 | F60: =COUNTIF(C60:E60,1) -> 3
A61: 405740 | B61: DISCO CARTON BLANCO 19 CM PRAGGA | C61: 1 | D61: 1 | E61: 1 | F61: =COUNTIF(C61:E61,1) -> 3
A62: 403101 | B62: DISCO CARTON BLANCO 19,5 JUMBO ARRIAZA | C62: 1 | D62: 1 | E62: 0 | F62: =COUNTIF(C62:E62,1) -> 2
A63: 403278 | B63: DISCO CARTON CAFE CORRUGADO 15,5CM CM ASTRA | C63: 1 | D63: 1 | E63: 0 | F63: =COUNTIF(C63:E63,1) -> 2
A64: 403271 | B64: DISCO CARTÓN CORRUGADO 15,5 CM EHLAN | C64: 1 | D64: 1 | E64: 0 | F64: =COUNTIF(C64:E64,1) -> 2
A65: 107292 | B65: DISCO CARTÓN CORRUGADO 19 CM EHLAN | C65: 1 | D65: 1 | E65: 0 | F65: =COUNTIF(C65:E65,1) -> 2
A66: 405587 | B66: DISCO DE PAPEL KRAFT 100GR 21CM PAPELERA | C66: 0 | D66: =IFERROR(VLOOKUP(A66,'[3]Consumo SEMANAL PV '!$B:$B,1,0),0) -> 0 | E66: 1 | F66: =COUNTIF(C66:E66,1) -> 1
A67: 107210 | B67: DISCO MERENGUE PAVESI | C67: 1 | D67: 1 | E67: 0 | F67: =COUNTIF(C67:E67,1) -> 2
A68: 405582 | B68: DISCO MICROCORRUGADO EMPLACADO 15,5 CM DIÁMETRO ASTRA | C68: 1 | D68: 1 | E68: 0 | F68: =COUNTIF(C68:E68,1) -> 2
A69: 405583 | B69: DISCO MICROCORRUGADO EMPLACADO 19 CM DIÁMETRO ASTRA | C69: 1 | D69: 1 | E69: 0 | F69: =COUNTIF(C69:E69,1) -> 2
A70: 353009 | B70: DISCO PANQUEQUE VAINILLA 19 CM. SEMI ELABORADO UND | C70: 1 | D70: 1 | E70: 0 | F70: =COUNTIF(C70:E70,1) -> 2
A71: 107247 | B71: DULCE DE LECHE MASTER MARTINI | C71: 1 | D71: =IFERROR(VLOOKUP(A71,'[3]Consumo SEMANAL PV '!$B:$B,1,0),0) -> 0 | E71: 0 | F71: =COUNTIF(C71:E71,1) -> 1
A72: 107294 | B72: DULCE DE RELLENO DIWATTS | C72: 1 | D72: 1 | E72: 1 | F72: =COUNTIF(C72:E72,1) -> 3
A73: 107401 | B73: DURAZNO EN SLICE LAS PERDICES | C73: 1 | D73: 1 | E73: 0 | F73: =COUNTIF(C73:E73,1) -> 2
A74: 405305 | B74: ESENCIA CAFE CARAMELO SABORES Y FRAGANCIA | C74: 1 | D74: =IFERROR(VLOOKUP(A74,'[3]Consumo SEMANAL PV '!$B:$B,1,0),0) -> 0 | E74: 0 | F74: =COUNTIF(C74:E74,1) -> 1
A75: 405652 | B75: ESENCIA DE VAINILLA TRAVERSO EGC | C75: 1 | D75: =IFERROR(VLOOKUP(A75,'[3]Consumo SEMANAL PV '!$B:$B,1,0),0) -> 0 | E75: 0 | F75: =COUNTIF(C75:E75,1) -> 1
A76: 405358 | B76: ETIQ. CIRCULAR 90cm IMPR. JUMBO TARTA FRUTA MIXTA SURTIDA | C76: 1 | D76: =IFERROR(VLOOKUP(A76,'[3]Consumo SEMANAL PV '!$B:$B,1,0),0) -> 0 | E76: 0 | F76: =COUNTIF(C76:E76,1) -> 1
A77: 405712 | B77: ETIQ. CIRCULAR 90cm IMPR. OPP TORTA MIL HOJAS MANJAR ARTESANAL WALMART | C77: 0 | D77: 0 | E77: 1 | F77: =COUNTIF(C77:E77,1) -> 1
A78: 405453 | B78: ETIQ. CIRCULAR 90cm IMPR. TARTA MANJAR NUEZ ESPECIAL JUMBO | C78: 1 | D78: =IFERROR(VLOOKUP(A78,'[3]Consumo SEMANAL PV '!$B:$B,1,0),0) -> 0 | E78: 0 | F78: =COUNTIF(C78:E78,1) -> 1
A79: 405785 | B79: ETIQ. CIRCULAR 90cm IMPR. TARTA PISTACHO ESPECIAL JUMBO | C79: 1 | D79: =IFERROR(VLOOKUP(A79,'[3]Consumo SEMANAL PV '!$B:$B,1,0),0) -> 0 | E79: 0 | F79: =COUNTIF(C79:E79,1) -> 1
A80: 405752 | B80: ETIQ. CIRCULAR 90cm IMPR. TORTA BROWNIE ESPECIAL JUMBO | C80: 1 | D80: =IFERROR(VLOOKUP(A80,'[3]Consumo SEMANAL PV '!$B:$B,1,0),0) -> 0 | E80: 0 | F80: =COUNTIF(C80:E80,1) -> 1
A81: 405687 | B81: ETIQ. CIRCULAR 90cm IMPR. TORTA CARROT CAKE ARTESANAL JUMBO | C81: 1 | D81: =IFERROR(VLOOKUP(A81,'[3]Consumo SEMANAL PV '!$B:$B,1,0),0) -> 0 | E81: 0 | F81: =COUNTIF(C81:E81,1) -> 1
A82: 405353 | B82: ETIQ. CIRCULAR 90cm IMPR. TORTA CUSINE & CO JUMBO COOKIES AND CREAM | C82: 1 | D82: 0 | E82: 0 | F82: =COUNTIF(C82:E82,1) -> 1
A83: 405787 | B83: ETIQ. CIRCULAR 90cm IMPR. TORTA HOJA FRAMBUESA ESPECIAL JUMBO | C83: 1 | D83: =IFERROR(VLOOKUP(A83,'[3]Consumo SEMANAL PV '!$B:$B,1,0),0) -> 0 | E83: 0 | F83: =COUNTIF(C83:E83,1) -> 1
A84: 405688 | B84: ETIQ. CIRCULAR 90cm IMPR. TORTA IGNACIA ARTESANAL JUMBO | C84: 1 | D84: =IFERROR(VLOOKUP(A84,'[3]Consumo SEMANAL PV '!$B:$B,1,0),0) -> 0 | E84: 0 | F84: =COUNTIF(C84:E84,1) -> 1
A85: 405698 | B85: ETIQ. CIRCULAR 90cm IMPR. TORTA LEMON CAKE ESPECIAL JUMBO | C85: 1 | D85: =IFERROR(VLOOKUP(A85,'[3]Consumo SEMANAL PV '!$B:$B,1,0),0) -> 0 | E85: 0 | F85: =COUNTIF(C85:E85,1) -> 1
A86: 405449 | B86: ETIQ. CIRCULAR 90cm IMPR. TORTA MERENGUE MANZANA FRAMBUESA ESPECIAL JUMBO | C86: 1 | D86: =IFERROR(VLOOKUP(A86,'[3]Consumo SEMANAL PV '!$B:$B,1,0),0) -> 0 | E86: 0 | F86: =COUNTIF(C86:E86,1) -> 1
A87: 405448 | B87: ETIQ. CIRCULAR 90cm IMPR. TORTA MERENGUE NOUGAT ESPECIAL JUMBO | C87: 1 | D87: =IFERROR(VLOOKUP(A87,'[3]Consumo SEMANAL PV '!$B:$B,1,0),0) -> 0 | E87: 0 | F87: =COUNTIF(C87:E87,1) -> 1
A88: 405753 | B88: ETIQ. CIRCULAR 90cm IMPR. TORTA MOUSSE CHOCOLATE BLANCO ESPECIAL JUMBO | C88: 1 | D88: =IFERROR(VLOOKUP(A88,'[3]Consumo SEMANAL PV '!$B:$B,1,0),0) -> 0 | E88: 0 | F88: =COUNTIF(C88:E88,1) -> 1
A89: 405686 | B89: ETIQ. CIRCULAR 90cm IMPR. TORTA RED VELVET ARTESANAL JUMBO | C89: 1 | D89: =IFERROR(VLOOKUP(A89,'[3]Consumo SEMANAL PV '!$B:$B,1,0),0) -> 0 | E89: 0 | F89: =COUNTIF(C89:E89,1) -> 1
A90: 405301 | B90: ETIQ. CIRCULAR 9cm IMPR. PIE DE FRAMBUESA ESPECIAL JUMBO | C90: 1 | D90: =IFERROR(VLOOKUP(A90,'[3]Consumo SEMANAL PV '!$B:$B,1,0),0) -> 0 | E90: 0 | F90: =COUNTIF(C90:E90,1) -> 1
A91: 405300 | B91: ETIQ. CIRCULAR 9cm IMPR. PIE DE LIMÓN ESPECIAL JUMBO | C91: 1 | D91: =IFERROR(VLOOKUP(A91,'[3]Consumo SEMANAL PV '!$B:$B,1,0),0) -> 0 | E91: 0 | F91: =COUNTIF(C91:E91,1) -> 1
A92: 405302 | B92: ETIQ. CIRCULAR 9cm IMPR. PIE DE MARACUYÁ ESPECIAL JUMBO | C92: 1 | D92: =IFERROR(VLOOKUP(A92,'[3]Consumo SEMANAL PV '!$B:$B,1,0),0) -> 0 | E92: 0 | F92: =COUNTIF(C92:E92,1) -> 1
A93: 405535 | B93: ETIQ. CIRCULAR 9cm IMPR. TORTA CALUGA NUEZ JUMBO | C93: 1 | D93: =IFERROR(VLOOKUP(A93,'[3]Consumo SEMANAL PV '!$B:$B,1,0),0) -> 0 | E93: 0 | F93: =COUNTIF(C93:E93,1) -> 1
A94: 405129 | B94: ETIQ.CIRCULAR 9cm IMPR. TORTA HOJA PASTELERA JUMBO | C94: 0 | D94: =IFERROR(VLOOKUP(A94,'[3]Consumo SEMANAL PV '!$B:$B,1,0),0) -> 0 | E94: 1 | F94: =COUNTIF(C94:E94,1) -> 1
... A99: 405127 | B99: ETIQ.CIRCULAR 9cm TORTA PANQUEQUE NARANJA JUMBO | C99: 1 | D99: =IFERROR(VLOOKUP(A99,'[3]Consumo SEMANAL PV '!$B:$B,1,0),0) -> 0 | E99: 0 | F99: =COUNTIF(C99:E99,1) -> 1
A100: 405160 | B100: ETIQUETA 200X50 POLIPROPILENO IMPR. QUINTA | C100: 1 | D100: 1 | E100: 1 | F100: =COUNTIF(C100:E100,1) -> 3
A101: 405049 | B101: ETIQUETA AUTOADHESIVA 22X32 POLIPROPILENO (OPP) | C101: 1 | D101: 1 | E101: 1 | F101: =COUNTIF(C101:E101,1) -> 3
A102: 404719 | B102: ETIQUETA BLANCA 100x120 SISA | C102: 1 | D102: 1 | E102: 1 | F102: =COUNTIF(C102:E102,1) -> 3
A103: 404718 | B103: ETIQUETA BLANCA 100x80 SISA | C103: 1 | D103: 1 | E103: 0 | F103: =COUNTIF(C103:E103,1) -> 2
A104: 405159 | B104: ETIQUETA BLANCA 120X100 OPP | C104: 1 | D104: 1 | E104: 0 | F104: =COUNTIF(C104:E104,1) -> 2
...

Sheet Hoja4
A1: artículo | B1: Descripción artículo/serv. | C1: FAMILIA | D1: TIME | E1: proveedore
A2: 100302 | B2: JARABE REMOJO SISA DIWATTS | C2: Remojo | D2: 2 | E2: DIWATTS S.A.
A3: 101002 | B3: CACAO AMARGO PURATOS | C3: Chocolate | D3: 3 | E3: PURATOS DE CHILE SPA
A4: 102103 | B4: PROPIONATO DE SODIO WINKLER | C4: Propionato | D4: 3 | E4: INDUSTRIAS ALIMENTOS WINKLER LIMITADA.
A5: 103006 | B5: MARGARINA HORNITO DIWATTS | C5: Margarina | D5: 3 | E5: DIWATTS S.A.
A6: 103612 | B6: CREMA VEGETAL MASTER MARTINI | C6: Cremas | D6: 3 | E6: MASTER MARTINI SPA
A7: 104006 | B7: AZUCAR GRANULADA EGC | C7: Azucar | D7: 3 | E7: EGC SPA
A8: 104010 | B8: SAL FINA | C8: insumo | D8: 2 | E8: EGC SPA
A9: 106101 | B9: VINAGRE WINKLER | C9: insumo | D9: 5 | E9: INDUSTRIAS ALIMENTOS WINKLER LIMITADA.
A10: 106401 | B10: CAFE POLVO WINKLER | C10: Esencia | D10: 3 | E10: INDUSTRIAS ALIMENTOS WINKLER LIMITADA.
A11: 107000 | B11: CEREZAS AL JUGO DESCAROZADAS FRUCOL | C11: Fruta Conserva | D11: 5 | E11: FRUCOL CHILE S.P.A
A12: 107095 | B12: PURE DE LUCUMA (ET. VERDE) BALDE 4,5 Kg | C12: Mermelada | D12: 2 | E12: MEL ALIMENTOS SPA
A13: 107098 | B13: CREMA PASTELERA ESPECIAL PURATOS | C13: Cremas | D13: 3 | E13: PURATOS DE CHILE SPA
... A343: 405420 | B343: MEDIO DISCO CARTON BLANCO 19,5 JUMBO ARRIAZA | C343: Carton | D343: 6 | E343: PRODUCTOS ARRIAZA LIMITADA
A344: 107329 | B344: PIÑA EN CUBOS | C344: Fruta conserva | D344: 2
A345: 362099 | B345: GRANA DE HOJA | C345: Insumo | D345: 2 | E345: QUINTA SA
A346: 402111 | B346: FILM TRANSPARENTE 685 MM (23CM) BATTISTA | C346: Film | D346: 4 | E346: #N/A
A347: 405306 | B347: RELLENO COCO CREAM BAKELS | C347: Mermelada | D347: 3 | E347: BAKELS CHILE S.A.
A348: 405307 | B348: TRIANGULO NEGRO COCO RALLADO ZUKKER | C348: Chocolate | D348: 4 | E348: ALIMENTOS ZUKKER LTDA.
A349: 404742 | B349: ETIQUETA CIRCULAR 9cm IMPR. TORTA PIÑA COLADA | C349: Etiquetas | D349: 6 | E349: SOCIEDAD CRISME AUTOADHESIVOS SPA
A350: 405401 | B350: ETIQ.CIRCULAR 9cm IMPR. TORTA MERENGUE NOUGAT | C350: Etiquetas | D350: 6 | E350: SOCIEDAD CRISME AUTOADHESIVOS SPA
A351: 104013 | B351: GELATINA S/SABOR ALFA GROUP | C351: Gelatina | D351: 2 | E351: ALFA CHILENA ALIMENTOS LIMITADA.
A352: 405444 | B352: CUPULA TORTA 15 PP ALTA COEXPAN | C352: Cupula | D352: 2 | E352: COEXPAN CHILE SPA
A353: 405445 | B353: BASE TORTA 15PP ALTA COEXPAN | C353: Cupula | D353: 2 | E353: COEXPAN CHILE SPA
A354: 405049 | B354: ETIQUETA AUTOADHESIVA 22X32 POLIPROPILENO (OPP) | C354: Etiquetas | D354: 6 | E354: SOCIEDAD CRISME AUTOADHESIVOS SPA
A355: 403310 | B355: CAJA PTG AZUL 15PP ALTA | C355: Caja | D355: 15 | E355: PAIMASA S.A.
A356: 405383 | B356: ESTUCHE GALLETAS VERA Y GIANNINI | C356: Cupula | D356: 15 | E356: VERA Y GIANNINI IMPRESORES S.A.
A357: 405447 | B357: MERM. LAMARKA MARACUYA BALDE 5 Kg | C357: Mermelada | D357: 2 | E357: MEL ALIMENTOS SPA
A358: 405427 | B358: COLORANTE ARTIFICIAL AMARILLO DUAS RODAS | C358: Colorantes | D358: 9 | E358: DUAS RODAS CHILE SPA
... A412: 107222 | B412: MANTEQUILLA SIN SAL SOPROLE | C412: Margarina | D412: 2 | E412: COMERCIAL SANTA ELENA S.A.
A413: 404313 | B413: LAMINA ACETATO TRANSPARENTE ECOPLASTIC | C413: Carton | D413: 0 | E413: #N/A
A414: 403014 | B414: PAPEL MANTEQUILLA ARRIAZA | C414: Carton | D414: 6 | E414: PRODUCTOS ARRIAZA LIMITADA
A415: MR1005001 | B415: CALEFACTOR CERRADO 250 WATTS 130 VOLT | C415: Carton | D415: 0 | E415: WATTVOLT INGENIERIA Y SERVICIOS SpA
A416: 405132 | B416: BORDE G 18,5 MEDIANO LAS VERTIENTES | C416: Carton | D416: 8 | E416: SOC. INMOBILIARIA Y DE INVERSIONES LAS VERTIENTES SPA.
A417: 405407 | B417: CARAT NUXEL HAZELNUT | C417: Curico | D417: 3 | E417: PURATOS DE CHILE SPA
A418: 405406 | B418: PRALINE ALM-AVELL 50% PURATOS | C418: Curico | D418: 3 | E418: PURATOS DE CHILE SPA
A419: 405405 | B419: PF PRALICRAC CARAM. PURATOS | C419: Curico | D419: 3 | E419: PURATOS DE CHILE SPA
A420: 107289 | B420: HOJARASCA 16CM OBERENA | C420: Insumo | D420: 2 | E420: COMERCIALIZADORA DE ALIMENTOS OBERENA LTDA
A421: 107137 | B421: ALMENDRAS FILETEADAS ALTO LA CRUZ | C421: Esencia | D421: 2 | E421: AGROINDUSTRIAL LAS TRES ERRE LTDA.
A422: 405248 | B422: MIX PANQUEQUE HUEVO POLVO SAN CRISTOBAL | C422: Mix | D422: 3 | E422: COMPAÑIA MOLINERA SAN CRISTOBAL S.A.
A423: 107285 | B423: MIX PANQUEQUE CHOCOLATE SAN CRISTOBAL | C423: Mix | D423: 3 | E423: COMPAÑIA MOLINERA SAN CRISTOBAL S.A.
A424: 430437 | B424: CORONA MASA CHOUX OBERENA | C424: Curico | D424: 3 | E424: COMERCIALIZADORA DE ALIMENTOS OBERENA LTDA
A425: 405450 | B425: ETIQ. CIRCULAR 90cm IMPR. FRANGIPANE CLÁSICO ESPECIAL JUMBO | C425: Etiquetas | D425: 6 | E425: SOCIEDAD CRISME AUTOADHESIVOS SPA
A426: 405451 | B426: ETIQ. CIRCULAR 90cm IMPR. FRANGIPANE CROCANTE ESPECIAL JUMBO | C426: Etiquetas | D426: 6 | E426: SOCIEDAD CRISME AUTOADHESIVOS SPA
A427: 405482 | B427: ALMENDRAS FILETEADAS EGC | C427: Esencia | D427: 3 | E427: EGC SPA
... A430: 403251 | B430: CUPULA 98-9 ALTA 12 PP MONSALVE | C430: Cupula | D430: 2 | E430: MONSALVE Y COMPAÑIA LIMITADA
A431: 403216 | B431: CUPULA 170A DEANDES | C431: Cupula | D431: 0 | E431: #N/A
A432: 107420 | B432: DISCO DE PAPEL PQQ KRAFT FPS | C432: Carton | D432: 6 | E432: FPS MARKETING Y COMUNICACIÓN SPA.
A433: 403269 | B433: PROPIONATO DE CALCIO 14 KG WINKLER | C433: Propionato | D433: 3 | E433: INDUSTRIAS ALIMENTOS WINKLER LIMITADA.
A434: 405419 | B434: CAJA DOS TORTAS PROSERVAR | C434: Caja | D434: 15 | E434: PROSERVAR LTDA.
A435: 402263 | B435: BOLSA PREPICADA BANDEJA 100*90 COLOR AZUL ASTRA | C435: Bolsas | D435: 11 | E435: Sociedad Comercial Astra SPA
A436: 405504 | B436: PROPIONATO DE CALCIO ALCHEM | C436: Propionato | D436: 3 | E436: ALCHEM SPA
A437: 405503 | B437: CAJA PASTELES ASTRA | C437: Caja | D437: 15 | E437: Sociedad Comercial Astra SPA
A438: 101001 | B438: CACAO AMARGO | C438: Chocolate | D438: 0 | E438: #N/A
A439: 405507 | B439: OREO MEDIUM CRUMBS (TROZOS) BEZANILLA | C439: Galleta | D439: 3 | E439: ALCA SPA
A440: 403357 | B440: BANDEJA BASE TORTA ALIMPACK | C440: Caja | D440: 0 | E440: #N/A
A441: 403356 | B441: CAJA TORTA CONICA VENTANA ALIMPACK | C441: Caja | D441: 0 | E441: #N/A
A442: 405438 | B442: CARTULINA BLANCA EMPLACADA DIAMTERO 19CM ALIMPACK | C442: Carton | D442: 0 | E442: ALIMPACK SPA
A443: 405452 | B443: ETIQ. CIRCULAR 90cm IMPR. COURONNE PRALINE ESPECIAL JUMBO | C443: Etiquetas | D443: 6 | E443: SOCIEDAD CRISME AUTOADHESIVOS SPA
A444: 405453 | B444: ETIQ. CIRCULAR 90cm IMPR. TARTA MANJAR NUEZ ESPECIAL JUMBO | C444: Etiquetas | D444: 6 | E444: SOCIEDAD CRISME AUTOADHESIVOS SPA
A445: 405448 | B445: ETIQ. CIRCULAR 90cm IMPR. TORTA MERENGUE NOUGAT ESPECIAL JUMBO | C445: Etiquetas | D445: 6 | E445: SOCIEDAD CRISME AUTOADHESIVOS SPA
A446: 405461 | B446: ETIQUETA CIRCULAR 4cm IMPR. PASTEL SISA | C446: Etiquetas | D446: 6 | E446: SOCIEDAD CRISME AUTOADHESIVOS SPA
A447: 405464 | B447: ETIQUETA CIRCULAR 9cm IMPR. CHEESECAKE SISA | C447: Etiquetas | D447: 6 | E447: SOCIEDAD CRISME AUTOADHESIVOS SPA
A448: 405462 | B448: ETIQUETA CIRCULAR 9cm IMPR. POSTRES SISA | C448: Etiquetas | D448: 6 | E448: SOCIEDAD CRISME AUTOADHESIVOS SPA
A449: 405201 | B449: ETIQUETA CIRCULAR 9cm IMPR. TORTA CHILENA | C449: Etiquetas | D449: 6 | E449: #N/A
A450: 405463 | B450: ETIQUETAS CIRCULAR 9cm IMPR. TORTA PQQ. CHOCOLATE MANJAR GUINDA SISA | C450: Etiquetas | D450: 6 | E450: SOCIEDAD CRISME AUTOADHESIVOS SPA
A451: 405506 | B451: GALLETA OREO REGULAR ALCA | C451: Galleta | D451: 3 | E451: ALCA SPA
A452: 405276 | B452: HUEVOS MITADES | C452: Huevo | D452: 3 | E452: SOCIEDAD AMBROSIA LTDA.
A453: 107001 | B453: MARRASQUINO ALTO LA CRUZ | C453: Fruta conserva | D453: 2 | E453: AGROINDUSTRIAL LAS TRES ERRE LTDA.
A454: 405509 | B454: PASTA VAINILLA SABORES Y FRAGANCIAS | C454: Pasta | D454: 3 | E454: SABORES Y FRAGANCIAS .CL COMERCIAL LIMITADA
A455: 405344 | B455: DISCO DE PANQUEQUE VAINILLA 18 CM ENCOMIENDA TOTTUS | C455: Insumo | D455: 2 | E455: QUINTA SA
A456: 405502 | B456: DISCO MICROCORRUGADO 19CM ASTRA | C456: Carton | D456: 15 | E456: Sociedad Comercial Astra SPA
A457: 405530 | B457: PISTACHO TROZO TOSTADO SIN SAL GRUPO CAMPOS | C457: Chocolate | D457: 3 | E457: INVERSIONES GRUPO CAMPOS SPA
A458: 405532 | B458: PISTACHO CUBO (GRANEL) MORITO | C458: Chocolate | D458: 3 | E458: SOC.COMERC.Y DIST. SHARA HERMANOS LTDA.
A459: 405539 | B459: LECHE CONDENSADA WATTS | C459: Leche condensada | D459: 3 | E459: WATT´S S.A.
A460: 107349 | B460: FLOR DE LOTO CHOCOLATE MORADA AMBROSIA | C460: Chocolate | D460: 7 | E460: SOCIEDAD AMBROSIA LTDA.
A461: 405533 | B461: ULTRA RICH CLASICA UHT | C461: cremas | D461: 3 | E461: RICH PRODUCTS CORPORATION DE CHILE LIMITADA
... A485: 405607 | B485: PISTACHO S/CASCARA TRES ERRES | C485: Mermelada | D485: 2 | E485: AGROINDUSTRIAL LAS TRES ERRE LTDA.
A486: 405033 | B486: ETIQ. CIRCULAR 9cm IMPR. TORTA HOJA MANJAR PASTELERA | C486: Etiquetas | D486: 6 | E486: #N/A
A487: 405223 | B487: ETIQ.CIRCULAR 9cm IMPR. TORTA MERENGUE LUCUMA JUMBO | C487: Etiquetas | D487: 6 | E487: ETIQUETAS AUTOADHESIVAS CRISTIAN VALDES BLANCO EIRL
A488: 405638 | B488: MANTEQUILLA SIN SAL WATT | C488: Margarina | D488: 3 | E488: WATT´S S.A.
A489: 405634 | B489: COSTA CHOCOLATE 24X140 GRS EGC | C489: Galleta | D489: 3 | E489: EGC SPA
A490: 405559 | B490: CREAM CHEESE BALDE MILKAUT SANTA ROSA | C490: Cremas | D490: 3 | E490: SANTA ROSA CHILE ALIMIENTOS LIMITADA
A491: 405615 | B491: ETIQUETA CIRCULAR 9cm TORTA CHOCOTORTA JUMBO | C491: Etiquetas | D491: 6 | E491: SOCIEDAD CRISME AUTOADHESIVOS SPA
A492: 405633 | B492: LAMINAS PET TRANSPARENTE 300 MICRO 61X5 CMTS | C492: Carton | D492: 0 | E492: INVERSIONES FMB TERMOGRAPHICS LTDA.
A493: 405560 | B493: COSTA CHOCOLATE 24X140 GRS CAROZZI | C493: Galleta | D493: 3 | E493: EMPRESAS CAROZZI
A494: 393253 | B494: SUB DISCO HOJA 17 CM | C494: Insumo | D494: 2 | E494: QUINTA SA
A495: 405614 | B495: ETIQUETA CIRCULAR 9cm TORTA TENTACIÓN DE CHOCOLATE JUMBO | C495: Etiquetas | D495: 6 | E495: SOCIEDAD CRISME AUTOADHESIVOS SPA
A496: 403252 | B496: CUPULA LISA BAJA FOOD PACK | C496: Cupula | D496: 2 | E496: #N/A
A497: 405531 | B497: RALLADO 3mm BICOLOR BLANCO-ROSADO ZUKKER | C497: Chocolate | D497: 7 | E497: ALIMENTOS ZUKKER LTDA.
A498: 405508 | B498: ZANAHORIA GANACHE CHOCOLATE AMBROSIA | C498: Chocolate | D498: 7 | E498: SOCIEDAD AMBROSIA LTDA.
A499: 405541 | B499: CÍRCULO BLANCO #80 DDM JUMBO 2025 | C499: Chocolate | D499: 7 | E499: ALIMENTOS ZUKKER LTDA.
A500: 405554 | B500: ETIQUETA CIRCULAR 9cm TORTA SABOR MANJAR NUEZ | C500: Etiquetas | D500: 6 | E500: SOCIEDAD CRISME AUTOADHESIVOS SPA
A501: 405552 | B501: ETIQUETA CIRCULAR 9cm TORTA GALLETA FRAMBUESA | C501: Etiquetas | D501: 6 | E501: SOCIEDAD CRISME AUTOADHESIVOS SPA
A502: 405644 | B502: ETIQUETA TORTA MERENGUE COOKIES | C502: Etiquetas | D502: 6 | E502: SOCIEDAD CRISME AUTOADHESIVOS SPA
A503: 405643 | B503: ETIQUETA TORTA MERENGUE LEMON PIE | C503: Etiquetas | D503: 6 | E503: SOCIEDAD CRISME AUTOADHESIVOS SPA
A504: 405582 | B504: DISCO MICROCORRUGADO EMPLACADO 15,5 CM DIÁMETRO ASTRA | C504: Carton | D504: 15 | E504: Sociedad Comercial Astra SPA
A505: 107246 | B505: SALSA DE FRAMBUESA MEL | C505: Mermelada | D505: 2 | E505: MEL ALIMENTOS SPA
A506: 405418 | B506: AZUCAR FLOR 5KG MEL ALIMENTOS | C506: Azucar | D506: 2 | E506: MEL ALIMENTOS SPA
A507: 405510 | B507: CHIP SUCEDANEO DE COLORES CERRILLOS | C507: Chocolate | D507: 7 | E507: COMERCIAL CERRILLOS
...
